"id","exam","count","timefactor_spiro","age"
1,1,1,0,70.9
1,2,2,1,76.5
1,3,3,2,81.1
1,4,4,3,85.2
1,5,5,4,89.8
1,6,6,5,94.4
2,1,1,0,50.4
2,2,2,1,55.8
2,3,3,2,60
2,4,4,3,65.4
2,5,5,4,69.8
3,1,1,0,28.6
3,2,2,1,34.1
3,3,3,2,38.6
3,4,4,3,44
3,5,5,4,48.5
4,1,1,0,39.6
4,2,2,1,44.6
4,3,3,2,49.9
4,4,4,3,55.7
4,5,5,4,60.6
5,1,1,0,48.8
5,2,2,1,53.6
5,3,3,2,58.4
5,4,4,3,64.3
5,5,5,4,68.8
5,6,6,5,72.9
6,1,1,0,60.7
6,2,2,1,64.9
6,3,3,2,70.8
6,4,4,3,75.2
6,5,5,4,80.7
7,1,1,0,42.8
7,2,2,1,47.8
7,3,3,2,52.2
7,4,4,3,56.2
8,1,1,0,59.9
8,2,2,1,65.5
8,3,3,2,70.3
8,4,4,3,75.3
8,5,5,4,81
9,1,1,0,36.9
9,2,2,1,42.2
9,3,3,2,47.7
9,4,4,3,52.6
9,5,5,4,57.6
10,1,1,0,53.6
10,2,2,1,58.3
10,3,3,2,62.4
10,4,4,3,67.7
10,5,5,4,72.8
11,1,1,0,64.9
11,2,2,1,69.6
11,3,3,2,75.5
11,4,4,3,80.9
11,5,5,4,86.8
12,1,1,0,56.6
13,1,1,0,71.3
13,2,2,1,76.6
13,3,3,2,81.2
13,4,4,3,86.2
13,5,5,4,91
14,1,1,0,48.8
14,2,2,1,54.3
14,3,3,2,58.5
14,4,4,3,62.5
14,5,5,4,67.9
15,1,1,0,68.3
15,2,2,1,72.8
15,3,3,2,77
15,4,4,3,81.4
15,5,5,4,85.8
16,1,1,0,52.4
16,2,2,1,57.4
16,3,3,2,63.2
16,4,4,3,67.4
17,1,1,0,63.4
17,2,2,1,69.1
17,3,3,2,73.7
17,4,4,3,79.3
17,5,5,4,83.9
18,1,1,0,63
18,2,2,1,68.8
18,3,3,2,73.7
18,4,4,3,78.4
18,5,5,4,83.9
19,1,1,0,57.8
19,2,2,1,62.2
19,3,3,2,66.4
19,4,4,3,71.7
19,5,5,4,76.6
19,6,6,5,81.7
20,1,1,0,61.6
20,2,2,1,67.6
20,3,3,2,71.6
20,4,4,3,77.4
20,5,5,4,82.5
21,1,1,0,57.2
21,2,2,1,61.5
21,3,3,2,66.5
21,4,4,3,71.5
21,5,5,4,77.5
22,1,1,0,74.6
22,2,2,1,79.3
22,3,3,2,84.5
23,1,1,0,76.9
23,2,2,1,81.4
23,3,3,2,86.5
23,4,4,3,92.2
23,5,5,4,97.2
24,1,1,0,58.3
24,2,2,1,64
24,3,3,2,69.5
24,4,4,3,74.1
24,5,5,4,78.1
24,6,6,5,83.5
25,1,1,0,51.9
25,2,2,1,57
25,3,3,2,62.2
25,4,4,3,68.1
25,5,5,4,73.7
26,1,1,0,58.8
26,2,2,1,64.3
27,1,1,0,34.4
27,2,2,1,39.3
27,3,3,2,44.1
27,4,4,3,48.5
27,5,5,4,53.4
27,6,6,5,58.9
28,1,1,0,51.6
28,2,2,1,57.4
28,3,3,2,61.6
28,4,4,3,66.7
28,5,5,4,72.1
29,1,1,0,62.7
29,2,2,1,67.8
29,3,3,2,72.5
29,4,4,3,77.6
30,1,1,0,68.7
30,2,2,1,72.7
30,3,3,2,78.5
30,4,4,3,84.5
30,5,5,4,89.9
31,1,1,0,65.5
31,2,2,1,69.5
31,3,3,2,73.8
31,4,4,3,79.8
31,5,5,4,85.4
32,1,1,0,26.6
32,2,2,1,31.5
32,3,3,2,35.7
32,4,4,3,39.8
32,5,5,4,45.6
33,1,1,0,56
33,2,2,1,60.6
33,3,3,2,66.3
33,4,4,3,71.3
33,5,5,4,76.7
34,1,1,0,34.1
34,2,2,1,39.5
34,3,3,2,44.8
34,4,4,3,50.5
34,5,5,4,56.1
35,1,1,0,47.4
35,2,2,1,52.3
35,3,3,2,57.8
35,4,4,3,62.4
35,5,5,4,67.4
36,1,1,0,31.9
36,2,2,1,36.3
36,3,3,2,41.8
36,4,4,3,47
36,5,5,4,51.9
37,1,1,0,67.4
37,2,2,1,71.4
37,3,3,2,76.2
37,4,4,3,81.1
37,5,5,4,85.5
38,1,1,0,67.3
38,2,2,1,72.6
38,3,3,2,77.9
38,4,4,3,82.9
38,5,5,4,87.9
39,1,1,0,47.5
40,1,1,0,69.6
40,2,2,1,73.8
41,1,1,0,64.3
41,2,2,1,69.9
41,3,3,2,75.3
41,4,4,3,80.3
41,5,5,4,86.1
42,1,1,0,47.2
42,2,2,1,53
43,1,1,0,55.3
43,2,2,1,59.4
43,3,3,2,64.1
43,4,4,3,69.7
43,5,5,4,73.8
43,6,6,5,77.9
44,1,1,0,62.9
44,2,2,1,67.6
44,3,3,2,72.2
45,1,1,0,47.2
46,1,1,0,61.7
46,2,2,1,67.7
46,3,3,2,73
47,1,1,0,75.3
47,2,2,1,81
47,3,3,2,86.9
47,4,4,3,91.3
47,5,5,4,96.3
47,6,6,5,100.5
48,1,1,0,55.1
48,2,2,1,59.7
48,3,3,2,63.8
48,4,4,3,68.6
48,5,5,4,72.7
49,1,1,0,59.3
49,2,2,1,63.5
49,3,3,2,67.5
49,4,4,3,73
49,5,5,4,78.7
50,1,1,0,53.8
50,2,2,1,59.4
50,3,3,2,65.1
50,4,4,3,69.1
50,5,5,4,73.4
51,1,1,0,76.8
51,2,2,1,81.3
51,3,3,2,86.3
51,4,4,3,91.4
51,5,5,4,96.3
52,1,1,0,53.2
52,2,2,1,59
52,3,3,2,64.9
52,4,4,3,69.2
52,5,5,4,73.3
52,6,6,5,77.6
53,1,1,0,44.8
53,2,2,1,49.2
53,3,3,2,54.4
53,4,4,3,59.7
53,5,5,4,64.3
54,1,1,0,52.7
54,2,2,1,57.9
54,3,3,2,63.3
54,4,4,3,67.4
54,5,5,4,72.2
55,1,1,0,53.4
55,2,2,1,59.3
55,3,3,2,63.9
55,4,4,3,68.2
55,5,5,4,74.2
56,1,1,0,31.2
56,2,2,1,37
56,3,3,2,42.4
56,4,4,3,46.7
56,5,5,4,51.3
57,1,1,0,48.9
57,2,2,1,52.9
57,3,3,2,57.4
57,4,4,3,61.8
57,5,5,4,66.6
58,1,1,0,58.6
58,2,2,1,63.8
58,3,3,2,69.2
58,4,4,3,74.4
58,5,5,4,80.1
59,1,1,0,81.1
59,2,2,1,85.8
59,3,3,2,90.1
59,4,4,3,95.5
59,5,5,4,101.5
59,6,6,5,106.8
60,1,1,0,79.3
60,2,2,1,83.8
60,3,3,2,88.4
60,4,4,3,93.3
60,5,5,4,98.8
61,1,1,0,50.9
61,2,2,1,56.6
61,3,3,2,61.8
61,4,4,3,67
61,5,5,4,71
62,1,1,0,28.7
62,2,2,1,33.3
62,3,3,2,39
62,4,4,3,43.7
62,5,5,4,49.6
62,6,6,5,55.1
63,1,1,0,44.2
64,1,1,0,44.2
64,2,2,1,50.1
64,3,3,2,54.8
64,4,4,3,59.8
64,5,5,4,64.2
65,1,1,0,55
65,2,2,1,59.8
65,3,3,2,64.5
65,4,4,3,69.8
65,5,5,4,73.8
66,1,1,0,52.7
66,2,2,1,57.1
66,3,3,2,61.8
66,4,4,3,66.2
66,5,5,4,71.2
66,6,6,5,77.1
67,1,1,0,31.5
67,2,2,1,36.6
67,3,3,2,42
67,4,4,3,47
67,5,5,4,52.5
67,6,6,5,58.5
68,1,1,0,64.6
68,2,2,1,69.9
68,3,3,2,75.6
68,4,4,3,79.8
68,5,5,4,85.5
69,1,1,0,46.6
69,2,2,1,50.8
69,3,3,2,55.5
69,4,4,3,61.4
69,5,5,4,67
70,1,1,0,75.6
70,2,2,1,79.8
70,3,3,2,85
70,4,4,3,89.4
70,5,5,4,94.5
71,1,1,0,27.9
71,2,2,1,32.9
71,3,3,2,37.3
71,4,4,3,42.6
71,5,5,4,47.1
72,1,1,0,50.9
73,1,1,0,46.7
73,2,2,1,52.4
73,3,3,2,57.5
73,4,4,3,62.8
73,5,5,4,68.8
74,1,1,0,60.4
74,2,2,1,64.8
74,3,3,2,70.7
74,4,4,3,75.6
74,5,5,4,79.9
75,1,1,0,54.8
75,2,2,1,59.3
75,3,3,2,64.3
75,4,4,3,68.5
75,5,5,4,74.1
76,1,1,0,54.2
76,2,2,1,58.6
76,3,3,2,63.7
76,4,4,3,68.6
76,5,5,4,72.9
77,1,1,0,57.4
77,2,2,1,61.7
77,3,3,2,67.3
78,1,1,0,71.6
78,2,2,1,75.9
78,3,3,2,81.5
78,4,4,3,86.2
78,5,5,4,90.8
79,1,1,0,50.1
79,2,2,1,55.4
79,3,3,2,61.3
80,1,1,0,40
80,2,2,1,45
80,3,3,2,50.1
80,4,4,3,55.7
80,5,5,4,60.2
81,1,1,0,51.2
81,2,2,1,56.5
81,3,3,2,62.2
81,4,4,3,67.1
82,1,1,0,75.3
82,2,2,1,80.2
82,3,3,2,86.1
82,4,4,3,91
82,5,5,4,96.1
83,1,1,0,53.4
83,2,2,1,57.5
84,1,1,0,46.3
84,2,2,1,50.4
84,3,3,2,56
84,4,4,3,61.7
84,5,5,4,66.2
85,1,1,0,68.1
85,2,2,1,73.1
85,3,3,2,78
85,4,4,3,82.2
85,5,5,4,86.6
86,1,1,0,56.6
86,2,2,1,61
86,3,3,2,65
86,4,4,3,69.4
86,5,5,4,74.6
87,1,1,0,50.3
87,2,2,1,55.3
87,3,3,2,61
87,4,4,3,66.6
87,5,5,4,71.8
88,1,1,0,54.1
88,2,2,1,60
88,3,3,2,64.2
88,4,4,3,70
88,5,5,4,75.4
89,1,1,0,55.5
89,2,2,1,60.4
89,3,3,2,65
89,4,4,3,70.5
89,5,5,4,76.2
90,1,1,0,67.7
90,2,2,1,71.8
90,3,3,2,77.5
90,4,4,3,81.6
90,5,5,4,86.1
91,1,1,0,59.8
91,2,2,1,63.8
91,3,3,2,69.6
91,4,4,3,75.2
92,1,1,0,57.4
92,2,2,1,62.8
93,1,1,0,58.8
93,2,2,1,64.5
93,3,3,2,69.6
93,4,4,3,74.4
93,5,5,4,79.7
94,1,1,0,44.5
94,2,2,1,49.7
95,1,1,0,62.3
95,2,2,1,66.3
95,3,3,2,71.5
95,4,4,3,76.6
95,5,5,4,82
96,1,1,0,62.8
96,2,2,1,67.6
96,3,3,2,72.9
96,4,4,3,78.4
96,5,5,4,82.8
97,1,1,0,60.6
97,2,2,1,65.4
97,3,3,2,70.6
98,1,1,0,40
98,2,2,1,45.1
98,3,3,2,49.3
98,4,4,3,55.2
98,5,5,4,60.1
98,6,6,5,64.3
99,1,1,0,46.4
99,2,2,1,51.4
99,3,3,2,56.5
99,4,4,3,61.2
99,5,5,4,66.7
100,1,1,0,71.9
100,2,2,1,77.3
100,3,3,2,82.7
100,4,4,3,87.7
100,5,5,4,92.6
101,1,1,0,28.9
101,2,2,1,33.1
101,3,3,2,37.3
101,4,4,3,42.5
101,5,5,4,46.7
102,1,1,0,32.6
103,1,1,0,51.8
103,2,2,1,57.2
103,3,3,2,61.8
103,4,4,3,66.7
103,5,5,4,72.5
104,1,1,0,68.3
104,2,2,1,73.2
104,3,3,2,78.4
105,1,1,0,49.3
105,2,2,1,54.6
105,3,3,2,60.2
105,4,4,3,64.9
105,5,5,4,69.9
106,1,1,0,43.5
106,2,2,1,49.4
106,3,3,2,54.3
107,1,1,0,27
107,2,2,1,31.1
107,3,3,2,35.2
107,4,4,3,40.2
108,1,1,0,51
108,2,2,1,55.1
108,3,3,2,60.1
108,4,4,3,64.3
108,5,5,4,69.3
109,1,1,0,59
109,2,2,1,64.9
109,3,3,2,70.5
109,4,4,3,75.2
109,5,5,4,80.1
110,1,1,0,60.1
110,2,2,1,64.3
111,1,1,0,47.4
111,2,2,1,52.9
111,3,3,2,58.1
111,4,4,3,63.2
112,1,1,0,65.3
112,2,2,1,69.7
112,3,3,2,74.6
112,4,4,3,79.6
112,5,5,4,84.6
113,1,1,0,48
113,2,2,1,52.6
113,3,3,2,58.6
113,4,4,3,64
113,5,5,4,69.3
113,6,6,5,73.9
114,1,1,0,56.7
114,2,2,1,61.9
114,3,3,2,66.8
115,1,1,0,71.5
115,2,2,1,76.8
115,3,3,2,80.9
115,4,4,3,85.9
115,5,5,4,90.2
116,1,1,0,72.5
116,2,2,1,78.2
116,3,3,2,84.2
116,4,4,3,89.1
116,5,5,4,93.3
117,1,1,0,42.1
117,2,2,1,47.8
117,3,3,2,52
117,4,4,3,56.1
117,5,5,4,60.9
118,1,1,0,68.6
118,2,2,1,73.8
118,3,3,2,79.2
118,4,4,3,83.4
118,5,5,4,87.7
118,6,6,5,92.5
119,1,1,0,40.9
119,2,2,1,45.5
119,3,3,2,51.4
119,4,4,3,55.9
119,5,5,4,61.6
120,1,1,0,64.7
120,2,2,1,70.4
120,3,3,2,76
120,4,4,3,80.6
120,5,5,4,86.2
121,1,1,0,61.9
121,2,2,1,67.7
121,3,3,2,72.3
121,4,4,3,78
121,5,5,4,82.9
121,6,6,5,88.6
122,1,1,0,62.7
122,2,2,1,66.8
122,3,3,2,72.7
122,4,4,3,78.4
122,5,5,4,83.7
123,1,1,0,68
123,2,2,1,73.3
123,3,3,2,79.2
123,4,4,3,85
123,5,5,4,89.7
123,6,6,5,94.7
124,1,1,0,52.7
124,2,2,1,58.2
124,3,3,2,62.5
124,4,4,3,67.1
124,5,5,4,71.4
125,1,1,0,57.6
125,2,2,1,62.7
125,3,3,2,68.2
125,4,4,3,73.1
125,5,5,4,77.4
126,1,1,0,48.7
126,2,2,1,54
126,3,3,2,59.3
126,4,4,3,65
126,5,5,4,70
126,6,6,5,75.2
127,1,1,0,55.2
127,2,2,1,60.6
128,1,1,0,51.7
128,2,2,1,57
128,3,3,2,61.2
128,4,4,3,66.1
129,1,1,0,27.9
129,2,2,1,32.2
129,3,3,2,36.9
129,4,4,3,42.3
129,5,5,4,47.4
130,1,1,0,62.5
130,2,2,1,68.4
130,3,3,2,72.8
130,4,4,3,78.7
130,5,5,4,84
130,6,6,5,88.7
131,1,1,0,57.6
131,2,2,1,61.9
131,3,3,2,67.4
131,4,4,3,72.5
131,5,5,4,76.8
132,1,1,0,69.1
132,2,2,1,74
132,3,3,2,79
132,4,4,3,83.7
132,5,5,4,88.8
133,1,1,0,69.6
133,2,2,1,73.9
133,3,3,2,78.2
133,4,4,3,82.9
133,5,5,4,88.1
134,1,1,0,65
134,2,2,1,70.1
134,3,3,2,75.4
134,4,4,3,80.5
134,5,5,4,85.8
135,1,1,0,28.8
135,2,2,1,34.5
135,3,3,2,40.1
135,4,4,3,44.7
135,5,5,4,50.5
136,1,1,0,60.1
136,2,2,1,64.8
136,3,3,2,69.5
136,4,4,3,73.9
136,5,5,4,77.9
137,1,1,0,60.5
138,1,1,0,72.3
138,2,2,1,76.9
138,3,3,2,81.4
138,4,4,3,86.5
138,5,5,4,91.8
139,1,1,0,77.6
139,2,2,1,82.1
139,3,3,2,87.1
139,4,4,3,91.2
139,5,5,4,97.1
140,1,1,0,63.1
140,2,2,1,67.7
140,3,3,2,72
140,4,4,3,76.1
140,5,5,4,81.6
140,6,6,5,86.7
141,1,1,0,50.7
141,2,2,1,54.8
141,3,3,2,60.2
141,4,4,3,64.9
141,5,5,4,70
142,1,1,0,36.3
142,2,2,1,40.6
143,1,1,0,60.2
143,2,2,1,64.6
143,3,3,2,70.3
143,4,4,3,74.5
143,5,5,4,80
144,1,1,0,35.6
145,1,1,0,71
145,2,2,1,75.2
145,3,3,2,80.3
145,4,4,3,85
145,5,5,4,89.3
146,1,1,0,73.2
146,2,2,1,77.8
146,3,3,2,82.5
146,4,4,3,88.4
146,5,5,4,93.2
147,1,1,0,76.3
147,2,2,1,82
147,3,3,2,87.6
147,4,4,3,92.4
147,5,5,4,96.5
148,1,1,0,47.5
148,2,2,1,52.3
148,3,3,2,57.5
148,4,4,3,62.2
148,5,5,4,67.5
149,1,1,0,66.4
149,2,2,1,72.1
149,3,3,2,76.2
149,4,4,3,82.1
149,5,5,4,87.2
150,1,1,0,53.2
150,2,2,1,58.2
150,3,3,2,63.8
150,4,4,3,67.9
150,5,5,4,72.5
150,6,6,5,77.7
151,1,1,0,29.5
151,2,2,1,34.5
151,3,3,2,39.2
152,1,1,0,60.1
152,2,2,1,65.5
152,3,3,2,70.8
152,4,4,3,74.9
153,1,1,0,54.4
153,2,2,1,58.9
153,3,3,2,63.9
153,4,4,3,69.6
153,5,5,4,73.8
154,1,1,0,68.7
154,2,2,1,73.7
154,3,3,2,77.8
154,4,4,3,83.2
155,1,1,0,69.3
155,2,2,1,75.2
156,1,1,0,58
156,2,2,1,63.6
156,3,3,2,68.5
156,4,4,3,74.4
156,5,5,4,79.6
157,1,1,0,68.1
157,2,2,1,73.1
157,3,3,2,77.8
157,4,4,3,82.5
157,5,5,4,88.4
158,1,1,0,55.8
158,2,2,1,61
158,3,3,2,66.8
158,4,4,3,70.9
158,5,5,4,75
159,1,1,0,53.1
159,2,2,1,57.5
159,3,3,2,62.2
159,4,4,3,66.7
159,5,5,4,72.4
160,1,1,0,53.9
160,2,2,1,58.9
160,3,3,2,64.7
161,1,1,0,53.8
161,2,2,1,58.2
161,3,3,2,62.4
161,4,4,3,67.6
161,5,5,4,73.4
162,1,1,0,46
162,2,2,1,50
162,3,3,2,54.1
162,4,4,3,58.8
162,5,5,4,64.4
163,1,1,0,58.8
163,2,2,1,64.6
164,1,1,0,46.7
164,2,2,1,51
164,3,3,2,55.2
164,4,4,3,59.9
164,5,5,4,65.3
165,1,1,0,58.8
165,2,2,1,63.2
165,3,3,2,67.3
165,4,4,3,71.7
165,5,5,4,77.4
166,1,1,0,72.7
166,2,2,1,77.4
167,1,1,0,44.8
167,2,2,1,50
167,3,3,2,55.2
167,4,4,3,61.1
167,5,5,4,66.5
168,1,1,0,53
168,2,2,1,57.3
168,3,3,2,63
168,4,4,3,67.8
168,5,5,4,71.9
169,1,1,0,58.3
169,2,2,1,63.6
169,3,3,2,68.1
169,4,4,3,72.9
169,5,5,4,78.3
170,1,1,0,59.4
170,2,2,1,64
170,3,3,2,68.9
170,4,4,3,74.7
170,5,5,4,78.8
171,1,1,0,69.8
171,2,2,1,75.1
171,3,3,2,79.4
171,4,4,3,84.9
171,5,5,4,90.3
172,1,1,0,70.7
172,2,2,1,75.1
172,3,3,2,80.2
172,4,4,3,85.9
172,5,5,4,90.5
173,1,1,0,70.9
173,2,2,1,76.4
174,1,1,0,34.4
174,2,2,1,39.9
174,3,3,2,45.7
174,4,4,3,49.9
174,5,5,4,55.5
174,6,6,5,61.3
175,1,1,0,61.4
175,2,2,1,66.8
175,3,3,2,72.8
175,4,4,3,77.7
175,5,5,4,81.8
176,1,1,0,59.7
176,2,2,1,64.8
176,3,3,2,69.2
176,4,4,3,75.1
176,5,5,4,80.4
177,1,1,0,68.2
177,2,2,1,74.2
177,3,3,2,78.5
177,4,4,3,82.9
177,5,5,4,88.8
178,1,1,0,82.1
178,2,2,1,88.1
178,3,3,2,93.9
178,4,4,3,98.8
178,5,5,4,102.9
179,1,1,0,59.9
179,2,2,1,64.5
179,3,3,2,69
180,1,1,0,64.3
180,2,2,1,69
180,3,3,2,74.2
180,4,4,3,79.5
180,5,5,4,84.7
181,1,1,0,28.1
181,2,2,1,33.7
181,3,3,2,39.7
181,4,4,3,44.4
181,5,5,4,48.6
181,6,6,5,54.3
182,1,1,0,29.3
182,2,2,1,35.1
182,3,3,2,40.8
182,4,4,3,44.9
183,1,1,0,36.5
183,2,2,1,40.5
183,3,3,2,46.1
183,4,4,3,50.5
183,5,5,4,55.4
184,1,1,0,69.1
184,2,2,1,73.8
185,1,1,0,53.2
186,1,1,0,65.8
186,2,2,1,71.1
186,3,3,2,75.4
186,4,4,3,79.4
186,5,5,4,83.9
186,6,6,5,89.7
187,1,1,0,55
187,2,2,1,59.1
187,3,3,2,63.4
187,4,4,3,69.4
187,5,5,4,73.8
188,1,1,0,48.2
189,1,1,0,66.2
189,2,2,1,70.4
189,3,3,2,75.4
189,4,4,3,79.8
189,5,5,4,84.9
190,1,1,0,78.1
190,2,2,1,82.5
190,3,3,2,87.5
190,4,4,3,92
190,5,5,4,96.2
191,1,1,0,41.2
191,2,2,1,45.6
191,3,3,2,50.8
191,4,4,3,56.5
191,5,5,4,61.3
192,1,1,0,31.5
192,2,2,1,37.5
192,3,3,2,42.6
192,4,4,3,47.3
193,1,1,0,44.8
193,2,2,1,49.3
193,3,3,2,54.4
193,4,4,3,60.1
193,5,5,4,65.8
194,1,1,0,22.1
194,2,2,1,27.5
194,3,3,2,31.8
194,4,4,3,37.1
194,5,5,4,42.1
195,1,1,0,13.3
195,2,2,1,18.2
195,3,3,2,22.9
195,4,4,3,28.8
195,5,5,4,33.6
196,1,1,0,62.5
196,2,2,1,67.3
197,1,1,0,14.4
197,2,2,1,19.5
197,3,3,2,24.3
197,4,4,3,28.4
197,5,5,4,34.2
198,1,1,0,51.3
198,2,2,1,57
198,3,3,2,61.1
198,4,4,3,66.8
198,5,5,4,71.5
199,1,1,0,70.8
199,2,2,1,76.2
199,3,3,2,80.4
199,4,4,3,85.3
199,5,5,4,90.5
200,1,1,0,68.8
200,2,2,1,74.2
200,3,3,2,79.8
200,4,4,3,84.9
200,5,5,4,90.7
201,1,1,0,66
201,2,2,1,71.6
201,3,3,2,76.9
201,4,4,3,81.1
201,5,5,4,85.4
201,6,6,5,89.9
202,1,1,0,52
202,2,2,1,56.4
202,3,3,2,61.1
202,4,4,3,66.1
202,5,5,4,71.1
203,1,1,0,73.3
203,2,2,1,78.9
203,3,3,2,84.7
203,4,4,3,90.7
203,5,5,4,95.8
204,1,1,0,36.3
204,2,2,1,42.1
204,3,3,2,46.2
204,4,4,3,51.2
204,5,5,4,55.5
205,1,1,0,41.8
205,2,2,1,45.8
205,3,3,2,50.4
205,4,4,3,54.5
206,1,1,0,36.1
206,2,2,1,41
206,3,3,2,45.4
206,4,4,3,50.3
207,1,1,0,24.2
207,2,2,1,29
207,3,3,2,34.3
207,4,4,3,38.9
207,5,5,4,43.9
208,1,1,0,48.5
208,2,2,1,52.9
208,3,3,2,58.7
208,4,4,3,63.1
208,5,5,4,67.9
209,1,1,0,46.2
209,2,2,1,51.1
209,3,3,2,56
209,4,4,3,60.8
209,5,5,4,65.8
210,1,1,0,31.7
210,2,2,1,35.8
210,3,3,2,41.3
210,4,4,3,46.9
210,5,5,4,52.2
211,1,1,0,54.7
211,2,2,1,58.9
211,3,3,2,63.8
211,4,4,3,68.1
211,5,5,4,73.9
212,1,1,0,60.7
212,2,2,1,66.3
213,1,1,0,29.4
213,2,2,1,34.4
213,3,3,2,40.3
213,4,4,3,45.2
213,5,5,4,51.2
214,1,1,0,51.2
214,2,2,1,55.8
214,3,3,2,61
215,1,1,0,51.7
215,2,2,1,56
216,1,1,0,55.9
216,2,2,1,60.7
217,1,1,0,68.3
217,2,2,1,72.3
217,3,3,2,76.5
217,4,4,3,82.4
217,5,5,4,87.6
218,1,1,0,76.7
218,2,2,1,81.7
218,3,3,2,85.9
218,4,4,3,89.9
218,5,5,4,94.7
219,1,1,0,55.6
219,2,2,1,60.6
219,3,3,2,65.5
219,4,4,3,70.4
220,1,1,0,58.7
220,2,2,1,63.8
220,3,3,2,68
220,4,4,3,72.2
220,5,5,4,77.7
221,1,1,0,59.4
221,2,2,1,65
221,3,3,2,69.6
221,4,4,3,74.5
221,5,5,4,80.5
222,1,1,0,59.7
222,2,2,1,65.7
222,3,3,2,71.6
222,4,4,3,77.3
222,5,5,4,82.9
223,1,1,0,53.2
223,2,2,1,59
223,3,3,2,64.6
223,4,4,3,70.5
223,5,5,4,75
224,1,1,0,33.8
224,2,2,1,39.3
224,3,3,2,44.8
224,4,4,3,50.4
224,5,5,4,56.3
225,1,1,0,43.2
225,2,2,1,48.1
225,3,3,2,53.8
225,4,4,3,58.2
225,5,5,4,63.2
226,1,1,0,63
226,2,2,1,67.4
226,3,3,2,72.6
226,4,4,3,77
226,5,5,4,82.8
227,1,1,0,53.3
227,2,2,1,57.7
227,3,3,2,62.1
227,4,4,3,66.6
227,5,5,4,72.4
228,1,1,0,57.9
228,2,2,1,62
228,3,3,2,66.8
228,4,4,3,72.4
228,5,5,4,76.9
229,1,1,0,22
229,2,2,1,27.7
229,3,3,2,33.3
229,4,4,3,38.7
229,5,5,4,44.6
230,1,1,0,43.6
230,2,2,1,49.2
230,3,3,2,54.8
230,4,4,3,59.8
230,5,5,4,64.8
231,1,1,0,68.7
231,2,2,1,73
231,3,3,2,77.6
231,4,4,3,83.4
232,1,1,0,41.9
232,2,2,1,47.3
232,3,3,2,52.2
232,4,4,3,57.5
232,5,5,4,63.2
233,1,1,0,47.4
233,2,2,1,52.1
233,3,3,2,57.6
233,4,4,3,63.1
233,5,5,4,68.7
234,1,1,0,60.2
235,1,1,0,31.5
235,2,2,1,36.2
235,3,3,2,40.6
235,4,4,3,45.8
235,5,5,4,50.2
236,1,1,0,59.8
237,1,1,0,66.4
237,2,2,1,71
237,3,3,2,75.3
237,4,4,3,80.4
237,5,5,4,86.2
238,1,1,0,32.1
238,2,2,1,36.8
238,3,3,2,41.3
238,4,4,3,46.8
238,5,5,4,52.5
239,1,1,0,60.1
239,2,2,1,64.9
239,3,3,2,70.8
239,4,4,3,76
239,5,5,4,80
240,1,1,0,17
240,2,2,1,21.5
240,3,3,2,26
240,4,4,3,30.9
240,5,5,4,35.8
241,1,1,0,59.3
241,2,2,1,64.2
241,3,3,2,69.3
241,4,4,3,74.2
241,5,5,4,78.3
242,1,1,0,43.5
242,2,2,1,47.6
242,3,3,2,52.6
242,4,4,3,58.1
242,5,5,4,63.5
243,1,1,0,48
243,2,2,1,53.6
243,3,3,2,59.3
243,4,4,3,63.8
243,5,5,4,69.6
244,1,1,0,49.3
244,2,2,1,54.6
244,3,3,2,58.8
244,4,4,3,63.5
245,1,1,0,43.5
245,2,2,1,48.2
245,3,3,2,53.1
245,4,4,3,57.5
245,5,5,4,61.6
246,1,1,0,61.2
246,2,2,1,65.2
246,3,3,2,70
246,4,4,3,74.7
246,5,5,4,79.7
247,1,1,0,18.3
247,2,2,1,23.6
247,3,3,2,29.2
247,4,4,3,35
247,5,5,4,40.8
248,1,1,0,59.9
248,2,2,1,65.4
248,3,3,2,71.2
248,4,4,3,75.6
248,5,5,4,81.3
249,1,1,0,62.5
249,2,2,1,68
249,3,3,2,72.8
249,4,4,3,78
249,5,5,4,82.8
250,1,1,0,61.4
250,2,2,1,66.1
250,3,3,2,70.2
250,4,4,3,74.3
250,5,5,4,80.3
251,1,1,0,42.7
251,2,2,1,48.4
251,3,3,2,52.8
251,4,4,3,58.3
251,5,5,4,63
252,1,1,0,69
252,2,2,1,73.3
253,1,1,0,65.9
253,2,2,1,71.4
253,3,3,2,76.9
253,4,4,3,82.3
253,5,5,4,86.8
254,1,1,0,51.3
254,2,2,1,56.2
254,3,3,2,61.3
254,4,4,3,66.8
254,5,5,4,71.6
254,6,6,5,76.5
255,1,1,0,53
255,2,2,1,58.3
255,3,3,2,62.4
255,4,4,3,66.6
255,5,5,4,71.1
256,1,1,0,45.9
256,2,2,1,51
256,3,3,2,56.8
256,4,4,3,61.2
256,5,5,4,66.1
257,1,1,0,48.4
257,2,2,1,53.3
257,3,3,2,59
257,4,4,3,64
257,5,5,4,68.9
258,1,1,0,48.3
258,2,2,1,52.7
258,3,3,2,58.4
258,4,4,3,62.9
258,5,5,4,67.2
259,1,1,0,59.5
259,2,2,1,65.2
259,3,3,2,71.2
259,4,4,3,77
259,5,5,4,81.7
260,1,1,0,64.4
260,2,2,1,69.9
260,3,3,2,75.9
260,4,4,3,81
260,5,5,4,85.4
261,1,1,0,59.5
261,2,2,1,65.4
261,3,3,2,69.7
261,4,4,3,74.7
261,5,5,4,79.4
261,6,6,5,85
262,1,1,0,59.2
262,2,2,1,63.7
262,3,3,2,67.9
262,4,4,3,73.6
262,5,5,4,79.4
263,1,1,0,64.7
263,2,2,1,69
263,3,3,2,74.1
263,4,4,3,78.3
263,5,5,4,83.3
264,1,1,0,54.9
264,2,2,1,59.2
264,3,3,2,65.2
264,4,4,3,69.8
264,5,5,4,74.4
265,1,1,0,52.4
265,2,2,1,56.8
265,3,3,2,61.6
265,4,4,3,66.4
265,5,5,4,72.3
266,1,1,0,65.9
266,2,2,1,71.6
266,3,3,2,75.9
266,4,4,3,81.9
266,5,5,4,87.9
267,1,1,0,40.5
267,2,2,1,46.3
267,3,3,2,51
267,4,4,3,55.4
267,5,5,4,59.5
268,1,1,0,61.1
268,2,2,1,65.6
268,3,3,2,70.5
268,4,4,3,76.3
268,5,5,4,81.9
269,1,1,0,47.6
269,2,2,1,52.2
269,3,3,2,56.7
269,4,4,3,61
269,5,5,4,65.1
270,1,1,0,34.6
270,2,2,1,39.1
270,3,3,2,45.1
270,4,4,3,49.6
270,5,5,4,54.7
271,1,1,0,43
271,2,2,1,48.3
272,1,1,0,79.3
272,2,2,1,83.7
272,3,3,2,89.3
272,4,4,3,94.3
272,5,5,4,98.4
273,1,1,0,45.6
273,2,2,1,51.3
273,3,3,2,56
273,4,4,3,60
273,5,5,4,65.4
274,1,1,0,56.7
274,2,2,1,61.1
274,3,3,2,65.7
274,4,4,3,70
274,5,5,4,75.8
275,1,1,0,67.1
275,2,2,1,71.6
275,3,3,2,76.7
275,4,4,3,81.2
275,5,5,4,85.7
276,1,1,0,47.7
276,2,2,1,53.6
276,3,3,2,58.3
277,1,1,0,48.9
277,2,2,1,53.6
277,3,3,2,58
277,4,4,3,63.5
277,5,5,4,68.9
278,1,1,0,63.8
279,1,1,0,49.8
279,2,2,1,55.6
279,3,3,2,60.2
280,1,1,0,77.2
280,2,2,1,81.4
280,3,3,2,85.8
280,4,4,3,90.6
280,5,5,4,96
281,1,1,0,40.3
281,2,2,1,44.9
281,3,3,2,50.5
281,4,4,3,56.4
281,5,5,4,62.4
282,1,1,0,39.7
282,2,2,1,44.6
282,3,3,2,50.1
282,4,4,3,55.8
283,1,1,0,63.7
283,2,2,1,68.7
283,3,3,2,74
283,4,4,3,79.5
283,5,5,4,84.2
284,1,1,0,63.3
284,2,2,1,67.7
284,3,3,2,72.3
284,4,4,3,76.9
284,5,5,4,82.1
285,1,1,0,76.3
285,2,2,1,82
285,3,3,2,87.3
286,1,1,0,64.4
286,2,2,1,70.2
286,3,3,2,74.3
286,4,4,3,78.6
286,5,5,4,83.7
286,6,6,5,88.5
287,1,1,0,59.8
287,2,2,1,65.2
287,3,3,2,69.4
287,4,4,3,73.8
287,5,5,4,78.2
287,6,6,5,82.8
288,1,1,0,47.8
288,2,2,1,53.6
288,3,3,2,58.9
288,4,4,3,64
288,5,5,4,69.4
289,1,1,0,55.7
289,2,2,1,61
289,3,3,2,66.6
289,4,4,3,71.2
289,5,5,4,76.8
290,1,1,0,28.5
290,2,2,1,33.6
290,3,3,2,38.5
290,4,4,3,43
290,5,5,4,48.8
291,1,1,0,66.7
291,2,2,1,71.4
291,3,3,2,75.7
291,4,4,3,81.3
291,5,5,4,86.7
292,1,1,0,45.7
292,2,2,1,51.5
292,3,3,2,56
292,4,4,3,61.3
293,1,1,0,52.6
293,2,2,1,57.4
293,3,3,2,61.5
293,4,4,3,65.6
293,5,5,4,71.3
294,1,1,0,54.6
294,2,2,1,59.7
294,3,3,2,64.7
294,4,4,3,68.7
294,5,5,4,73.5
295,1,1,0,50.5
295,2,2,1,55.2
295,3,3,2,60.5
296,1,1,0,66.7
296,2,2,1,70.8
297,1,1,0,40.5
297,2,2,1,45.5
297,3,3,2,50.5
297,4,4,3,56.3
297,5,5,4,62.2
298,1,1,0,40.4
298,2,2,1,46.2
298,3,3,2,51.6
298,4,4,3,56.1
298,5,5,4,60.8
299,1,1,0,68
299,2,2,1,73.2
299,3,3,2,78.7
299,4,4,3,84.1
299,5,5,4,88.7
300,1,1,0,61.9
300,2,2,1,67.2
300,3,3,2,71.5
300,4,4,3,76.4
300,5,5,4,81
300,6,6,5,85.1
301,1,1,0,59.3
301,2,2,1,64.3
301,3,3,2,68.6
301,4,4,3,74
301,5,5,4,78.4
302,1,1,0,58.4
302,2,2,1,62.7
302,3,3,2,67.8
302,4,4,3,72.7
302,5,5,4,77.4
303,1,1,0,57.9
303,2,2,1,63.6
303,3,3,2,69.4
303,4,4,3,74.3
303,5,5,4,78.8
304,1,1,0,62.2
304,2,2,1,67.5
304,3,3,2,72.8
304,4,4,3,78.7
304,5,5,4,83.2
305,1,1,0,85.4
305,2,2,1,89.8
305,3,3,2,94.3
305,4,4,3,98.7
305,5,5,4,103.7
306,1,1,0,67.5
306,2,2,1,73.2
306,3,3,2,79.1
306,4,4,3,84.3
306,5,5,4,89.9
307,1,1,0,48.4
307,2,2,1,54.2
307,3,3,2,59.7
307,4,4,3,65.1
307,5,5,4,71
308,1,1,0,47.9
308,2,2,1,52.2
308,3,3,2,57.1
308,4,4,3,61.9
308,5,5,4,67.8
309,1,1,0,65.8
309,2,2,1,71.7
309,3,3,2,76
309,4,4,3,80.2
309,5,5,4,85.2
310,1,1,0,59.4
310,2,2,1,64.6
310,3,3,2,69.4
310,4,4,3,73.7
310,5,5,4,78.3
311,1,1,0,44.7
311,2,2,1,49.6
311,3,3,2,54.9
311,4,4,3,59.8
312,1,1,0,53
312,2,2,1,58.9
312,3,3,2,63
312,4,4,3,67.8
312,5,5,4,72.5
313,1,1,0,59.6
313,2,2,1,64.4
313,3,3,2,69.1
313,4,4,3,73.8
313,5,5,4,78.5
313,6,6,5,83.3
314,1,1,0,72.9
314,2,2,1,78.9
314,3,3,2,84
314,4,4,3,89.9
314,5,5,4,95.5
315,1,1,0,51.7
315,2,2,1,57
315,3,3,2,62.9
315,4,4,3,67.5
316,1,1,0,48.6
316,2,2,1,53.2
316,3,3,2,58.7
316,4,4,3,64.4
316,5,5,4,70.2
317,1,1,0,65.5
317,2,2,1,70.6
317,3,3,2,75
317,4,4,3,79.5
317,5,5,4,85
317,6,6,5,89.3
318,1,1,0,59.2
318,2,2,1,64.9
318,3,3,2,69.7
318,4,4,3,74.1
318,5,5,4,79.9
319,1,1,0,39.2
319,2,2,1,44.9
320,1,1,0,41.6
320,2,2,1,45.7
320,3,3,2,49.9
320,4,4,3,55.1
320,5,5,4,59.3
321,1,1,0,52.1
321,2,2,1,56.4
321,3,3,2,61.2
321,4,4,3,65.3
321,5,5,4,70.6
322,1,1,0,68.6
322,2,2,1,74.2
323,1,1,0,53.1
324,1,1,0,62.3
324,2,2,1,66.4
324,3,3,2,71.2
324,4,4,3,77.1
324,5,5,4,81.6
325,1,1,0,80.8
325,2,2,1,85.2
325,3,3,2,91.1
325,4,4,3,96
325,5,5,4,101.3
326,1,1,0,75.3
326,2,2,1,79.3
326,3,3,2,83.4
326,4,4,3,88.1
327,1,1,0,47.4
327,2,2,1,52
327,3,3,2,57.3
327,4,4,3,62.2
327,5,5,4,67.2
328,1,1,0,66.5
328,2,2,1,71.5
329,1,1,0,74.4
329,2,2,1,79.3
329,3,3,2,84.1
329,4,4,3,88.3
329,5,5,4,93.8
330,1,1,0,54.3
330,2,2,1,58.7
330,3,3,2,63.1
330,4,4,3,68.8
330,5,5,4,74.8
330,6,6,5,79.2
331,1,1,0,57.8
331,2,2,1,63
331,3,3,2,67.1
331,4,4,3,72.4
331,5,5,4,76.6
332,1,1,0,52.2
332,2,2,1,57.6
332,3,3,2,62
332,4,4,3,66.7
332,5,5,4,72.1
333,1,1,0,26.9
333,2,2,1,32.6
333,3,3,2,38.4
333,4,4,3,42.6
333,5,5,4,48.2
334,1,1,0,35.1
334,2,2,1,40.5
334,3,3,2,44.8
334,4,4,3,50.5
334,5,5,4,54.7
335,1,1,0,58.6
335,2,2,1,62.7
335,3,3,2,68.1
335,4,4,3,72.8
335,5,5,4,78.7
336,1,1,0,66.3
336,2,2,1,71.8
336,3,3,2,76.1
336,4,4,3,80.3
336,5,5,4,84.8
337,1,1,0,45.3
337,2,2,1,50.6
337,3,3,2,56.2
337,4,4,3,60.3
337,5,5,4,65.3
338,1,1,0,51.4
339,1,1,0,44.7
339,2,2,1,49.9
339,3,3,2,54.9
340,1,1,0,63.3
340,2,2,1,68.7
340,3,3,2,74.2
341,1,1,0,74.6
341,2,2,1,78.9
341,3,3,2,84
341,4,4,3,89.5
342,1,1,0,59.8
342,2,2,1,65.1
342,3,3,2,70.3
342,4,4,3,74.6
342,5,5,4,80
342,6,6,5,85
343,1,1,0,58.7
343,2,2,1,64.2
343,3,3,2,68.3
344,1,1,0,46.5
344,2,2,1,51.9
344,3,3,2,56.5
345,1,1,0,64.5
345,2,2,1,69
345,3,3,2,74.3
345,4,4,3,79.2
345,5,5,4,85.1
346,1,1,0,44.3
346,2,2,1,48.5
346,3,3,2,54.3
346,4,4,3,60.1
346,5,5,4,65
347,1,1,0,46.4
347,2,2,1,52.3
347,3,3,2,56.8
348,1,1,0,28.5
348,2,2,1,33.9
348,3,3,2,38.2
348,4,4,3,44.1
348,5,5,4,48.6
349,1,1,0,59
350,1,1,0,63.3
350,2,2,1,67.4
350,3,3,2,73.1
350,4,4,3,78.1
350,5,5,4,83.1
351,1,1,0,27.3
351,2,2,1,32.6
351,3,3,2,38
351,4,4,3,42.1
352,1,1,0,55.1
352,2,2,1,60.9
352,3,3,2,65.3
352,4,4,3,71.3
352,5,5,4,75.4
353,1,1,0,48.3
353,2,2,1,52.7
353,3,3,2,57.4
353,4,4,3,62.9
353,5,5,4,68
354,1,1,0,68.8
354,2,2,1,73.8
354,3,3,2,78.8
354,4,4,3,84.7
354,5,5,4,89.5
354,6,6,5,93.6
355,1,1,0,57.4
355,2,2,1,62.8
355,3,3,2,67.3
356,1,1,0,56.7
356,2,2,1,61.1
356,3,3,2,67
356,4,4,3,71.1
356,5,5,4,76.7
357,1,1,0,61.2
357,2,2,1,65.4
357,3,3,2,71.1
357,4,4,3,77.1
357,5,5,4,81.7
358,1,1,0,71.8
358,2,2,1,76.6
358,3,3,2,81.8
358,4,4,3,87.7
358,5,5,4,92.5
358,6,6,5,97.9
359,1,1,0,66.1
359,2,2,1,71.3
359,3,3,2,76.5
359,4,4,3,81.1
359,5,5,4,87
360,1,1,0,59.7
360,2,2,1,64.7
360,3,3,2,70.3
360,4,4,3,75.6
360,5,5,4,79.8
361,1,1,0,76.6
361,2,2,1,81.4
361,3,3,2,86
361,4,4,3,91.4
361,5,5,4,95.4
361,6,6,5,99.9
362,1,1,0,51.6
362,2,2,1,57.2
362,3,3,2,61.5
362,4,4,3,66.7
362,5,5,4,70.9
363,1,1,0,68.7
363,2,2,1,73.2
363,3,3,2,78.2
364,1,1,0,48.3
364,2,2,1,52.5
364,3,3,2,58.1
364,4,4,3,62.9
364,5,5,4,67.5
365,1,1,0,53.5
365,2,2,1,59
366,1,1,0,41.5
366,2,2,1,45.9
366,3,3,2,51.3
366,4,4,3,55.4
366,5,5,4,59.5
367,1,1,0,43.4
367,2,2,1,47.6
367,3,3,2,53.3
367,4,4,3,58.6
367,5,5,4,63.9
367,6,6,5,68.6
368,1,1,0,52.8
368,2,2,1,57.3
368,3,3,2,62.6
368,4,4,3,67.4
368,5,5,4,72.5
369,1,1,0,48.7
369,2,2,1,54.4
369,3,3,2,59.4
369,4,4,3,65
369,5,5,4,70.3
370,1,1,0,61.2
370,2,2,1,66.1
370,3,3,2,71.1
370,4,4,3,76.2
370,5,5,4,80.2
371,1,1,0,58.4
371,2,2,1,63.6
371,3,3,2,68.3
371,4,4,3,72.8
371,5,5,4,77.2
372,1,1,0,61.1
372,2,2,1,65.5
372,3,3,2,69.6
372,4,4,3,74.9
372,5,5,4,80.5
373,1,1,0,39.1
373,2,2,1,44.7
373,3,3,2,49.6
373,4,4,3,53.8
373,5,5,4,59.3
373,6,6,5,63.5
374,1,1,0,55.3
375,1,1,0,79.7
375,2,2,1,85.4
375,3,3,2,90
375,4,4,3,94.7
375,5,5,4,99.9
376,1,1,0,66
376,2,2,1,70.5
376,3,3,2,76.5
376,4,4,3,81.3
376,5,5,4,86.6
376,6,6,5,92.6
377,1,1,0,73.9
377,2,2,1,78.6
377,3,3,2,82.9
378,1,1,0,53.2
378,2,2,1,57.9
379,1,1,0,54.3
379,2,2,1,60.2
379,3,3,2,66.1
379,4,4,3,71.7
379,5,5,4,77.5
380,1,1,0,33.4
380,2,2,1,37.9
380,3,3,2,42.2
380,4,4,3,47.1
380,5,5,4,52.3
380,6,6,5,56.9
381,1,1,0,43.6
381,2,2,1,48.2
381,3,3,2,54.1
381,4,4,3,60.1
381,5,5,4,64.1
382,1,1,0,42.2
382,2,2,1,46.6
382,3,3,2,50.8
382,4,4,3,55.4
382,5,5,4,61
383,1,1,0,50.6
383,2,2,1,55.8
383,3,3,2,59.9
383,4,4,3,64.1
383,5,5,4,68.3
383,6,6,5,73.4
384,1,1,0,50.2
384,2,2,1,54.2
384,3,3,2,58.3
384,4,4,3,62.8
384,5,5,4,68.5
385,1,1,0,72
385,2,2,1,77.2
385,3,3,2,82.1
386,1,1,0,64.3
386,2,2,1,68.4
386,3,3,2,72.8
386,4,4,3,78.2
386,5,5,4,83.3
387,1,1,0,48.5
387,2,2,1,53.2
387,3,3,2,57.3
387,4,4,3,62.1
387,5,5,4,67.8
388,1,1,0,32.6
388,2,2,1,38.1
388,3,3,2,42.2
388,4,4,3,47.6
388,5,5,4,52.8
389,1,1,0,63.3
389,2,2,1,68
389,3,3,2,74
389,4,4,3,79.7
389,5,5,4,85
390,1,1,0,60.1
390,2,2,1,65.1
390,3,3,2,70.3
390,4,4,3,75
390,5,5,4,80.9
391,1,1,0,55.5
391,2,2,1,60
391,3,3,2,65.2
391,4,4,3,69.9
391,5,5,4,75.2
392,1,1,0,48.8
392,2,2,1,53.8
392,3,3,2,58.1
392,4,4,3,63.8
392,5,5,4,68.2
393,1,1,0,82.4
393,2,2,1,87.1
393,3,3,2,91.4
393,4,4,3,97
394,1,1,0,64.5
394,2,2,1,69.5
395,1,1,0,57.5
395,2,2,1,62.4
396,1,1,0,58.1
396,2,2,1,64.1
396,3,3,2,68.2
396,4,4,3,72.8
396,5,5,4,76.9
397,1,1,0,60.5
397,2,2,1,65.5
397,3,3,2,70
397,4,4,3,74.1
397,5,5,4,79.8
398,1,1,0,44.8
398,2,2,1,50.5
398,3,3,2,55.8
398,4,4,3,59.8
398,5,5,4,64.2
399,1,1,0,57.3
399,2,2,1,63.1
399,3,3,2,68.2
399,4,4,3,73.2
399,5,5,4,78.9
400,1,1,0,60.9
400,2,2,1,65.7
400,3,3,2,70.9
400,4,4,3,75.8
400,5,5,4,81.1
401,1,1,0,60.2
401,2,2,1,65.4
401,3,3,2,70.6
401,4,4,3,76.5
401,5,5,4,82.2
402,1,1,0,44.1
402,2,2,1,48.6
402,3,3,2,54.3
402,4,4,3,58.8
402,5,5,4,64.2
403,1,1,0,65.5
403,2,2,1,69.6
403,3,3,2,74.6
403,4,4,3,78.9
403,5,5,4,83.7
404,1,1,0,30.3
404,2,2,1,35.8
404,3,3,2,40.9
404,4,4,3,45
405,1,1,0,39.5
405,2,2,1,44
405,3,3,2,49.2
405,4,4,3,55.1
405,5,5,4,59.6
406,1,1,0,61.8
406,2,2,1,66.5
406,3,3,2,70.7
406,4,4,3,74.9
406,5,5,4,80
407,1,1,0,46.8
407,2,2,1,52.1
407,3,3,2,56.2
407,4,4,3,60.6
407,5,5,4,66.5
408,1,1,0,48.6
408,2,2,1,54.4
408,3,3,2,58.6
408,4,4,3,63.4
408,5,5,4,67.7
409,1,1,0,52.3
409,2,2,1,56.8
409,3,3,2,60.8
409,4,4,3,65.4
409,5,5,4,69.8
410,1,1,0,59.2
410,2,2,1,63.3
410,3,3,2,68.3
410,4,4,3,72.5
410,5,5,4,76.8
411,1,1,0,77.2
411,2,2,1,81.9
411,3,3,2,87.6
411,4,4,3,91.7
411,5,5,4,97.5
412,1,1,0,50.4
412,2,2,1,55.6
412,3,3,2,60.5
412,4,4,3,66.1
412,5,5,4,70.6
413,1,1,0,65.6
413,2,2,1,69.8
413,3,3,2,74.7
413,4,4,3,80
413,5,5,4,85.7
414,1,1,0,65.1
414,2,2,1,69.8
414,3,3,2,74.8
414,4,4,3,79.2
414,5,5,4,84.2
415,1,1,0,55.1
415,2,2,1,61.1
415,3,3,2,65.3
415,4,4,3,71
416,1,1,0,60
416,2,2,1,64.3
416,3,3,2,69
416,4,4,3,73.1
416,5,5,4,77.9
417,1,1,0,42.2
417,2,2,1,46.9
417,3,3,2,51.7
417,4,4,3,57.5
417,5,5,4,62.6
418,1,1,0,55.1
418,2,2,1,61
418,3,3,2,65.3
418,4,4,3,70.1
418,5,5,4,74.4
419,1,1,0,39.3
419,2,2,1,44.8
419,3,3,2,50.1
420,1,1,0,60.6
420,2,2,1,65.3
421,1,1,0,64.4
421,2,2,1,70.1
421,3,3,2,75.5
421,4,4,3,80.5
422,1,1,0,62.2
422,2,2,1,67.7
422,3,3,2,72.8
422,4,4,3,77
422,5,5,4,81.3
423,1,1,0,65.3
423,2,2,1,69.7
423,3,3,2,74.2
423,4,4,3,79.4
423,5,5,4,84.6
424,1,1,0,39.8
424,2,2,1,44.1
424,3,3,2,48.7
425,1,1,0,39.8
425,2,2,1,45.8
425,3,3,2,51.1
425,4,4,3,56.8
426,1,1,0,59.4
426,2,2,1,63.8
426,3,3,2,69.2
426,4,4,3,73.2
426,5,5,4,77.8
427,1,1,0,86.7
427,2,2,1,92.4
427,3,3,2,97.6
427,4,4,3,103.4
427,5,5,4,108
428,1,1,0,62.8
428,2,2,1,67.3
428,3,3,2,72.4
429,1,1,0,38.1
429,2,2,1,43
429,3,3,2,47.8
429,4,4,3,53.7
429,5,5,4,58.1
430,1,1,0,38.2
430,2,2,1,43.5
430,3,3,2,47.5
430,4,4,3,51.7
430,5,5,4,56.5
431,1,1,0,67.2
431,2,2,1,72.7
431,3,3,2,78.2
431,4,4,3,83.1
432,1,1,0,59.7
432,2,2,1,65.2
432,3,3,2,69.5
432,4,4,3,73.7
432,5,5,4,79.1
433,1,1,0,81.2
433,2,2,1,86
433,3,3,2,91.6
433,4,4,3,96.5
433,5,5,4,101.4
433,6,6,5,106.5
434,1,1,0,80.5
434,2,2,1,85.1
434,3,3,2,91
434,4,4,3,95.8
434,5,5,4,99.9
435,1,1,0,71.2
435,2,2,1,76.1
435,3,3,2,81.3
435,4,4,3,86
435,5,5,4,90.9
435,6,6,5,96
436,1,1,0,54.6
436,2,2,1,58.7
436,3,3,2,63.4
436,4,4,3,68.2
436,5,5,4,72.9
437,1,1,0,47.5
437,2,2,1,51.8
437,3,3,2,56.1
437,4,4,3,61
437,5,5,4,65.4
438,1,1,0,34.2
438,2,2,1,39.4
438,3,3,2,43.6
438,4,4,3,48
438,5,5,4,53.4
439,1,1,0,53.8
439,2,2,1,58.4
439,3,3,2,62.6
440,1,1,0,62.5
440,2,2,1,68.5
440,3,3,2,74.5
440,4,4,3,79.4
440,5,5,4,85.4
440,6,6,5,91
441,1,1,0,62.1
441,2,2,1,67.1
441,3,3,2,72.1
441,4,4,3,76.7
441,5,5,4,82.1
442,1,1,0,32.3
442,2,2,1,37.7
442,3,3,2,42.4
442,4,4,3,47.5
442,5,5,4,52.3
443,1,1,0,53.4
443,2,2,1,59.3
443,3,3,2,64.4
443,4,4,3,69
443,5,5,4,74.3
444,1,1,0,58.2
444,2,2,1,62.6
444,3,3,2,68.4
444,4,4,3,73.7
444,5,5,4,78
445,1,1,0,64.6
445,2,2,1,69.9
445,3,3,2,74.1
445,4,4,3,78.8
445,5,5,4,84.4
446,1,1,0,44.1
446,2,2,1,48.2
446,3,3,2,53.4
446,4,4,3,58.5
446,5,5,4,63.8
446,6,6,5,69.6
447,1,1,0,59.9
447,2,2,1,65.6
447,3,3,2,70.4
447,4,4,3,76
447,5,5,4,81
448,1,1,0,63.8
448,2,2,1,69.5
448,3,3,2,74.8
448,4,4,3,79.9
448,5,5,4,85
449,1,1,0,58
449,2,2,1,62.1
449,3,3,2,68.1
449,4,4,3,73.2
449,5,5,4,78.1
450,1,1,0,69.4
450,2,2,1,74.5
450,3,3,2,79.6
450,4,4,3,83.9
450,5,5,4,88.6
451,1,1,0,59.6
451,2,2,1,64.2
451,3,3,2,69.7
451,4,4,3,74.5
451,5,5,4,80.4
452,1,1,0,44.6
452,2,2,1,49.8
452,3,3,2,55.4
452,4,4,3,59.9
453,1,1,0,27.5
453,2,2,1,33
453,3,3,2,38.1
453,4,4,3,43
453,5,5,4,47.1
454,1,1,0,74.4
455,1,1,0,41.2
455,2,2,1,46.9
455,3,3,2,52
455,4,4,3,56.6
455,5,5,4,61.2
456,1,1,0,21.8
456,2,2,1,26.3
456,3,3,2,31.8
456,4,4,3,37.4
456,5,5,4,42.7
457,1,1,0,51.4
457,2,2,1,56.9
457,3,3,2,61.6
457,4,4,3,65.8
457,5,5,4,70.8
458,1,1,0,56.3
458,2,2,1,60.9
458,3,3,2,65
458,4,4,3,70.4
458,5,5,4,75.9
459,1,1,0,47
459,2,2,1,52
459,3,3,2,57.2
459,4,4,3,62.7
459,5,5,4,68.4
460,1,1,0,56
460,2,2,1,61
461,1,1,0,60.1
461,2,2,1,65.3
461,3,3,2,70.8
461,4,4,3,76.6
461,5,5,4,82.2
461,6,6,5,87.5
462,1,1,0,69.4
462,2,2,1,73.8
462,3,3,2,78.9
462,4,4,3,84
462,5,5,4,89.3
463,1,1,0,55.6
463,2,2,1,60.2
463,3,3,2,65.7
463,4,4,3,71.2
463,5,5,4,75.6
464,1,1,0,50.1
464,2,2,1,55
464,3,3,2,59.8
464,4,4,3,65.3
464,5,5,4,71
465,1,1,0,55.2
465,2,2,1,59.4
465,3,3,2,64.6
465,4,4,3,70.5
465,5,5,4,75.4
465,6,6,5,79.6
466,1,1,0,50.4
466,2,2,1,55.6
466,3,3,2,60.1
466,4,4,3,64.8
466,5,5,4,70.1
467,1,1,0,62.5
467,2,2,1,66.7
467,3,3,2,71.3
467,4,4,3,76.7
467,5,5,4,82
468,1,1,0,59.5
468,2,2,1,64.4
468,3,3,2,68.5
468,4,4,3,74.3
468,5,5,4,78.8
469,1,1,0,58.2
469,2,2,1,63.4
469,3,3,2,67.4
469,4,4,3,72
469,5,5,4,77.1
470,1,1,0,47.9
470,2,2,1,52.7
470,3,3,2,56.9
470,4,4,3,61.3
470,5,5,4,66.4
471,1,1,0,48.1
471,2,2,1,53.9
471,3,3,2,58.6
471,4,4,3,63.8
471,5,5,4,69.4
472,1,1,0,60.9
472,2,2,1,65.8
472,3,3,2,70.2
472,4,4,3,75.4
472,5,5,4,80.3
473,1,1,0,51.1
473,2,2,1,55.9
473,3,3,2,61.3
473,4,4,3,66.8
473,5,5,4,71.1
474,1,1,0,65.4
474,2,2,1,70.6
474,3,3,2,75.5
474,4,4,3,79.7
474,5,5,4,84.4
475,1,1,0,71.5
475,2,2,1,77.1
475,3,3,2,81.7
475,4,4,3,85.8
475,5,5,4,91.7
475,6,6,5,96.9
476,1,1,0,35.5
476,2,2,1,41
476,3,3,2,46.1
476,4,4,3,52.1
476,5,5,4,56.6
477,1,1,0,37.3
477,2,2,1,42.5
477,3,3,2,47.7
477,4,4,3,52.7
477,5,5,4,57.2
478,1,1,0,37.7
478,2,2,1,41.8
478,3,3,2,47.3
478,4,4,3,53.3
478,5,5,4,58.5
479,1,1,0,61.7
479,2,2,1,66.8
479,3,3,2,71.7
479,4,4,3,75.8
479,5,5,4,81.3
479,6,6,5,86.9
480,1,1,0,68.3
480,2,2,1,72.3
480,3,3,2,77
480,4,4,3,81.5
480,5,5,4,86.8
481,1,1,0,53.4
481,2,2,1,58.2
481,3,3,2,63.4
481,4,4,3,67.5
481,5,5,4,72.9
482,1,1,0,67.1
482,2,2,1,71.2
482,3,3,2,75.5
482,4,4,3,80
482,5,5,4,85.3
483,1,1,0,41.9
483,2,2,1,46.8
483,3,3,2,51.1
483,4,4,3,55.3
483,5,5,4,60.9
484,1,1,0,72.7
484,2,2,1,77
484,3,3,2,82.2
484,4,4,3,87.1
484,5,5,4,92.3
485,1,1,0,47.7
485,2,2,1,52
486,1,1,0,64.6
486,2,2,1,69.5
487,1,1,0,66
487,2,2,1,70.9
487,3,3,2,74.9
487,4,4,3,80
487,5,5,4,84.1
488,1,1,0,63.5
488,2,2,1,67.6
488,3,3,2,72.8
488,4,4,3,78.4
489,1,1,0,67.8
489,2,2,1,71.9
489,3,3,2,76.4
489,4,4,3,80.8
489,5,5,4,86.6
490,1,1,0,68.6
490,2,2,1,74.2
490,3,3,2,79.7
490,4,4,3,83.9
490,5,5,4,89
491,1,1,0,51.4
491,2,2,1,57
491,3,3,2,61.1
491,4,4,3,66
491,5,5,4,70.7
492,1,1,0,59.5
492,2,2,1,65.3
492,3,3,2,70.3
492,4,4,3,75.3
492,5,5,4,79.3
493,1,1,0,60.7
493,2,2,1,65
493,3,3,2,69.5
493,4,4,3,74.6
493,5,5,4,80.5
493,6,6,5,85.9
494,1,1,0,50.9
494,2,2,1,55.4
494,3,3,2,60.6
494,4,4,3,64.9
494,5,5,4,69.2
495,1,1,0,41.2
495,2,2,1,45.9
495,3,3,2,51.3
495,4,4,3,56.4
495,5,5,4,60.4
496,1,1,0,40.3
496,2,2,1,45.6
496,3,3,2,50.9
496,4,4,3,54.9
496,5,5,4,60.4
497,1,1,0,29.5
497,2,2,1,35.2
497,3,3,2,40.6
497,4,4,3,46.1
497,5,5,4,51.8
498,1,1,0,72.1
498,2,2,1,77.3
498,3,3,2,81.5
498,4,4,3,87
498,5,5,4,91
499,1,1,0,62
500,1,1,0,51.8
500,2,2,1,56.4
500,3,3,2,60.6
500,4,4,3,66
500,5,5,4,71.6
501,1,1,0,55.6
501,2,2,1,59.7
501,3,3,2,64.5
501,4,4,3,69.3
501,5,5,4,73.8
501,6,6,5,79.5
502,1,1,0,34.9
502,2,2,1,40.2
502,3,3,2,45.1
502,4,4,3,49.9
502,5,5,4,55
503,1,1,0,49.8
503,2,2,1,55.3
503,3,3,2,61.2
503,4,4,3,67
503,5,5,4,71.1
503,6,6,5,75.6
504,1,1,0,68.4
504,2,2,1,72.9
504,3,3,2,77.8
504,4,4,3,82.5
504,5,5,4,87
504,6,6,5,91.7
505,1,1,0,61.3
505,2,2,1,65.7
505,3,3,2,69.8
505,4,4,3,74.5
505,5,5,4,78.7
505,6,6,5,83.8
506,1,1,0,78.6
506,2,2,1,83
507,1,1,0,39.5
507,2,2,1,45
507,3,3,2,49.5
508,1,1,0,53.5
508,2,2,1,58.8
508,3,3,2,63.4
508,4,4,3,68.6
508,5,5,4,73.8
509,1,1,0,56.8
509,2,2,1,62.2
509,3,3,2,67.7
509,4,4,3,73.1
509,5,5,4,77.4
510,1,1,0,45.7
510,2,2,1,50.5
510,3,3,2,54.6
510,4,4,3,59.7
510,5,5,4,65.3
511,1,1,0,23.1
512,1,1,0,30.6
512,2,2,1,35.1
512,3,3,2,40.7
512,4,4,3,44.7
513,1,1,0,63
513,2,2,1,68.3
513,3,3,2,74.2
513,4,4,3,79.4
513,5,5,4,85.1
514,1,1,0,60.8
514,2,2,1,65.3
514,3,3,2,69.4
514,4,4,3,74.9
514,5,5,4,79.2
515,1,1,0,67.3
515,2,2,1,72.2
515,3,3,2,76.9
515,4,4,3,81.1
515,5,5,4,86.7
516,1,1,0,57.8
516,2,2,1,63.2
516,3,3,2,68.7
516,4,4,3,73
516,5,5,4,77.3
517,1,1,0,51
517,2,2,1,56.1
517,3,3,2,60.9
517,4,4,3,65.7
517,5,5,4,70.3
517,6,6,5,75.3
518,1,1,0,57.6
518,2,2,1,62.1
518,3,3,2,67.7
518,4,4,3,73.2
518,5,5,4,77.9
519,1,1,0,49
519,2,2,1,53.4
520,1,1,0,31
520,2,2,1,35.9
520,3,3,2,40.7
520,4,4,3,46.4
520,5,5,4,50.9
521,1,1,0,55.8
521,2,2,1,59.9
521,3,3,2,65.9
521,4,4,3,71
521,5,5,4,75.3
522,1,1,0,75.9
522,2,2,1,80
522,3,3,2,85.6
522,4,4,3,90.4
522,5,5,4,95.6
523,1,1,0,55.6
523,2,2,1,60.6
523,3,3,2,66.4
523,4,4,3,72
523,5,5,4,76.5
524,1,1,0,46.1
524,2,2,1,50.7
524,3,3,2,56.2
524,4,4,3,60.5
524,5,5,4,65.5
524,6,6,5,71
525,1,1,0,68.9
525,2,2,1,73.3
525,3,3,2,78.6
525,4,4,3,83.4
525,5,5,4,87.8
526,1,1,0,79.3
526,2,2,1,84.2
526,3,3,2,90
526,4,4,3,95.5
526,5,5,4,101.3
527,1,1,0,86.9
527,2,2,1,91.4
527,3,3,2,96
527,4,4,3,101.2
527,5,5,4,106.7
528,1,1,0,45.8
528,2,2,1,49.8
528,3,3,2,55.1
528,4,4,3,60.2
529,1,1,0,56.4
529,2,2,1,61
529,3,3,2,65.1
529,4,4,3,69.8
529,5,5,4,74.9
530,1,1,0,48.5
530,2,2,1,53.6
530,3,3,2,59.1
530,4,4,3,64.7
530,5,5,4,70.6
531,1,1,0,68.5
532,1,1,0,70.8
533,1,1,0,58.5
533,2,2,1,62.8
534,1,1,0,46.1
534,2,2,1,51.3
534,3,3,2,55.7
534,4,4,3,61.4
534,5,5,4,66.7
535,1,1,0,28.6
535,2,2,1,33.5
535,3,3,2,39.1
535,4,4,3,43.3
535,5,5,4,47.7
536,1,1,0,61.6
536,2,2,1,67.2
536,3,3,2,71.3
536,4,4,3,77.2
536,5,5,4,83
537,1,1,0,55.3
537,2,2,1,60.3
537,3,3,2,65
538,1,1,0,53.5
538,2,2,1,58.2
538,3,3,2,63.2
538,4,4,3,68.4
538,5,5,4,73.2
539,1,1,0,57.4
539,2,2,1,61.6
539,3,3,2,65.8
539,4,4,3,69.9
539,5,5,4,75.4
540,1,1,0,63.7
540,2,2,1,69.3
540,3,3,2,73.5
540,4,4,3,78.6
540,5,5,4,83.1
541,1,1,0,51.2
541,2,2,1,55.3
541,3,3,2,59.4
541,4,4,3,64.7
541,5,5,4,70.3
542,1,1,0,57.8
542,2,2,1,63.4
542,3,3,2,67.7
542,4,4,3,71.9
542,5,5,4,76.7
542,6,6,5,82.7
543,1,1,0,62.7
543,2,2,1,68.3
543,3,3,2,74.2
543,4,4,3,78.5
543,5,5,4,84.3
544,1,1,0,61.9
544,2,2,1,67.2
544,3,3,2,72.3
544,4,4,3,76.6
544,5,5,4,81.1
545,1,1,0,61.1
545,2,2,1,66.7
545,3,3,2,71.2
545,4,4,3,76.9
545,5,5,4,81.1
546,1,1,0,73.4
546,2,2,1,77.9
546,3,3,2,83.6
546,4,4,3,88.9
546,5,5,4,93.8
547,1,1,0,29.3
547,2,2,1,34.8
547,3,3,2,39.5
547,4,4,3,44.1
547,5,5,4,48.5
547,6,6,5,53
548,1,1,0,85.6
548,2,2,1,91.6
548,3,3,2,97.5
548,4,4,3,102.8
549,1,1,0,66.2
549,2,2,1,72.1
549,3,3,2,77
549,4,4,3,82.5
549,5,5,4,88.4
550,1,1,0,61.8
550,2,2,1,67
550,3,3,2,71.4
551,1,1,0,54.9
551,2,2,1,60.4
551,3,3,2,64.4
551,4,4,3,69.5
551,5,5,4,75.1
552,1,1,0,69
552,2,2,1,74.5
552,3,3,2,78.7
552,4,4,3,83.9
552,5,5,4,88
553,1,1,0,56
553,2,2,1,61.5
553,3,3,2,66.1
553,4,4,3,72
553,5,5,4,77.7
554,1,1,0,62.1
554,2,2,1,66.9
554,3,3,2,71.1
554,4,4,3,76.3
554,5,5,4,82.3
554,6,6,5,86.3
555,1,1,0,44.4
555,2,2,1,49.4
555,3,3,2,54.5
556,1,1,0,49.3
556,2,2,1,54.3
556,3,3,2,58.8
556,4,4,3,64.7
556,5,5,4,68.9
557,1,1,0,25.8
557,2,2,1,29.9
557,3,3,2,34.5
557,4,4,3,39.8
558,1,1,0,34
558,2,2,1,38.8
558,3,3,2,44
558,4,4,3,49.7
558,5,5,4,53.8
559,1,1,0,63.2
559,2,2,1,68.4
559,3,3,2,72.7
559,4,4,3,77.2
559,5,5,4,83.2
560,1,1,0,71.7
560,2,2,1,77.2
560,3,3,2,83
560,4,4,3,88.4
560,5,5,4,93.9
561,1,1,0,60.1
561,2,2,1,66
561,3,3,2,70.5
561,4,4,3,74.7
561,5,5,4,80.6
562,1,1,0,65.2
562,2,2,1,70.5
562,3,3,2,75.7
562,4,4,3,81.1
562,5,5,4,85.3
563,1,1,0,73.8
563,2,2,1,78.9
563,3,3,2,84.3
563,4,4,3,88.8
563,5,5,4,93.9
564,1,1,0,69.6
564,2,2,1,74.3
564,3,3,2,79.2
564,4,4,3,84.9
564,5,5,4,90.1
565,1,1,0,56.5
565,2,2,1,61.1
565,3,3,2,66.4
566,1,1,0,41.1
566,2,2,1,45.7
567,1,1,0,64.5
567,2,2,1,69.7
567,3,3,2,75.2
567,4,4,3,79.9
567,5,5,4,85.1
568,1,1,0,80.6
568,2,2,1,86
568,3,3,2,91.6
568,4,4,3,97.2
568,5,5,4,101.7
569,1,1,0,63.3
569,2,2,1,68.3
569,3,3,2,72.4
569,4,4,3,77.6
569,5,5,4,82.4
570,1,1,0,47.7
570,2,2,1,52.8
570,3,3,2,58.6
570,4,4,3,63.2
570,5,5,4,67.3
571,1,1,0,63.4
571,2,2,1,68.1
572,1,1,0,42
572,2,2,1,46.4
572,3,3,2,51.5
572,4,4,3,57.4
573,1,1,0,51.7
573,2,2,1,57.4
573,3,3,2,61.4
573,4,4,3,65.4
573,5,5,4,71.3
574,1,1,0,82.1
574,2,2,1,86.3
574,3,3,2,91.4
574,4,4,3,95.5
574,5,5,4,101
575,1,1,0,61.6
575,2,2,1,67.5
575,3,3,2,72.8
575,4,4,3,77.5
575,5,5,4,81.9
576,1,1,0,66.7
576,2,2,1,72.7
576,3,3,2,76.8
576,4,4,3,81.1
576,5,5,4,85.9
576,6,6,5,91.2
577,1,1,0,59.7
577,2,2,1,64.8
577,3,3,2,68.9
577,4,4,3,74.3
577,5,5,4,79.9
578,1,1,0,44.4
578,2,2,1,49.6
578,3,3,2,55.1
579,1,1,0,72.6
579,2,2,1,77.9
579,3,3,2,83.6
579,4,4,3,87.8
579,5,5,4,92.7
580,1,1,0,46
580,2,2,1,51.2
580,3,3,2,56.9
580,4,4,3,62.2
580,5,5,4,67.4
580,6,6,5,72.4
581,1,1,0,75.1
581,2,2,1,79.5
581,3,3,2,84.5
581,4,4,3,89.6
581,5,5,4,94.4
582,1,1,0,43.4
582,2,2,1,49
582,3,3,2,53.9
582,4,4,3,59.3
582,5,5,4,63.9
583,1,1,0,61.3
583,2,2,1,65.4
583,3,3,2,71.1
583,4,4,3,75.4
583,5,5,4,79.8
584,1,1,0,44.1
584,2,2,1,48.4
584,3,3,2,54
584,4,4,3,58.2
584,5,5,4,64
585,1,1,0,66.1
585,2,2,1,71.4
585,3,3,2,76.4
585,4,4,3,80.8
586,1,1,0,52
586,2,2,1,56
586,3,3,2,61.5
586,4,4,3,67.3
586,5,5,4,71.4
587,1,1,0,51.6
587,2,2,1,57.4
587,3,3,2,63.2
587,4,4,3,68
587,5,5,4,72.9
588,1,1,0,39.8
588,2,2,1,45.6
588,3,3,2,51.2
588,4,4,3,55.2
588,5,5,4,59.8
589,1,1,0,65.1
589,2,2,1,70
589,3,3,2,74.9
589,4,4,3,80.5
589,5,5,4,85.7
590,1,1,0,70.4
590,2,2,1,75.1
590,3,3,2,79.9
590,4,4,3,84
590,5,5,4,88.5
591,1,1,0,43.8
591,2,2,1,48.3
591,3,3,2,53.3
591,4,4,3,57.9
591,5,5,4,62.9
591,6,6,5,67.2
592,1,1,0,54.7
592,2,2,1,60.2
592,3,3,2,64.9
592,4,4,3,70.7
592,5,5,4,75
593,1,1,0,64.1
593,2,2,1,69.7
593,3,3,2,75.6
593,4,4,3,81.2
593,5,5,4,87
593,6,6,5,92.8
594,1,1,0,45
594,2,2,1,50.9
594,3,3,2,55.6
594,4,4,3,59.7
594,5,5,4,64.1
595,1,1,0,41.1
595,2,2,1,47
595,3,3,2,52.5
595,4,4,3,57.2
595,5,5,4,61.9
596,1,1,0,61.3
596,2,2,1,65.4
596,3,3,2,71.4
596,4,4,3,77.2
596,5,5,4,81.4
596,6,6,5,86.7
597,1,1,0,71.6
597,2,2,1,76
597,3,3,2,80.5
597,4,4,3,86.3
597,5,5,4,91.3
598,1,1,0,68.3
598,2,2,1,72.5
598,3,3,2,77.5
598,4,4,3,82.5
598,5,5,4,86.7
599,1,1,0,35.3
599,2,2,1,41.3
600,1,1,0,69.6
600,2,2,1,75
600,3,3,2,80.9
600,4,4,3,85.2
601,1,1,0,57.4
601,2,2,1,62
601,3,3,2,67.1
601,4,4,3,71.9
601,5,5,4,76.8
602,1,1,0,51.1
602,2,2,1,55.9
602,3,3,2,61.3
603,1,1,0,59
603,2,2,1,63.3
603,3,3,2,67.7
603,4,4,3,71.8
603,5,5,4,77.1
604,1,1,0,44.9
604,2,2,1,50
604,3,3,2,55.2
604,4,4,3,59.7
604,5,5,4,65.4
605,1,1,0,39.3
605,2,2,1,44.3
605,3,3,2,48.5
605,4,4,3,53.2
605,5,5,4,58
606,1,1,0,51.4
606,2,2,1,55.4
606,3,3,2,59.9
606,4,4,3,64.2
606,5,5,4,69.9
607,1,1,0,54.8
607,2,2,1,59.6
607,3,3,2,63.6
607,4,4,3,69.1
607,5,5,4,73.7
608,1,1,0,38.9
608,2,2,1,44.5
608,3,3,2,49.6
608,4,4,3,53.7
608,5,5,4,59.2
609,1,1,0,49.8
609,2,2,1,55.6
609,3,3,2,59.6
609,4,4,3,65.3
609,5,5,4,71.2
610,1,1,0,57.7
610,2,2,1,62
610,3,3,2,66.5
610,4,4,3,71.7
610,5,5,4,76.3
611,1,1,0,51.6
611,2,2,1,56.8
611,3,3,2,62.1
611,4,4,3,67.5
611,5,5,4,72.1
612,1,1,0,47.8
612,2,2,1,53.4
612,3,3,2,58
612,4,4,3,63.8
612,5,5,4,68
612,6,6,5,73.3
613,1,1,0,52.3
613,2,2,1,57.5
614,1,1,0,52.9
614,2,2,1,58.5
614,3,3,2,64.4
614,4,4,3,70.3
614,5,5,4,75.3
615,1,1,0,45.9
615,2,2,1,51.6
615,3,3,2,57.1
615,4,4,3,62.7
615,5,5,4,67.1
616,1,1,0,68
617,1,1,0,46.3
617,2,2,1,52.2
617,3,3,2,57.7
617,4,4,3,62.2
617,5,5,4,67.2
618,1,1,0,49.9
618,2,2,1,55.4
618,3,3,2,61
618,4,4,3,67
618,5,5,4,71.6
619,1,1,0,68.1
619,2,2,1,72.6
619,3,3,2,78.2
620,1,1,0,50.5
620,2,2,1,55.7
620,3,3,2,61
620,4,4,3,65.1
620,5,5,4,70.8
621,1,1,0,59.5
621,2,2,1,65.1
621,3,3,2,69.6
622,1,1,0,34.3
622,2,2,1,38.8
622,3,3,2,43.2
622,4,4,3,48.4
622,5,5,4,53.9
622,6,6,5,59.7
623,1,1,0,51.6
623,2,2,1,57.1
623,3,3,2,61.4
623,4,4,3,66.1
623,5,5,4,70.4
624,1,1,0,58.3
624,2,2,1,62.6
624,3,3,2,68.3
624,4,4,3,73.6
624,5,5,4,78.2
625,1,1,0,71.5
625,2,2,1,76.5
625,3,3,2,81.3
625,4,4,3,86.6
625,5,5,4,91.2
626,1,1,0,49.3
626,2,2,1,54.1
626,3,3,2,58.6
627,1,1,0,63
627,2,2,1,68.7
627,3,3,2,74.2
627,4,4,3,79
627,5,5,4,84.7
628,1,1,0,47.8
628,2,2,1,51.9
628,3,3,2,56.8
628,4,4,3,61.9
628,5,5,4,67.1
629,1,1,0,35.1
629,2,2,1,40.2
629,3,3,2,44.3
629,4,4,3,50.1
629,5,5,4,55.8
630,1,1,0,46.9
630,2,2,1,51.3
630,3,3,2,56.4
630,4,4,3,62.2
630,5,5,4,66.7
631,1,1,0,46.3
631,2,2,1,51.9
631,3,3,2,57.4
631,4,4,3,63.2
631,5,5,4,69.1
632,1,1,0,48.7
632,2,2,1,53.8
632,3,3,2,59.3
632,4,4,3,64.5
632,5,5,4,69.5
633,1,1,0,52.4
633,2,2,1,57.1
633,3,3,2,62.7
633,4,4,3,67.7
634,1,1,0,70.9
634,2,2,1,75.7
634,3,3,2,81.2
634,4,4,3,85.5
634,5,5,4,90.1
635,1,1,0,53.4
635,2,2,1,57.7
635,3,3,2,62.4
635,4,4,3,67.2
635,5,5,4,72.8
636,1,1,0,27.5
636,2,2,1,31.8
636,3,3,2,36.5
636,4,4,3,41.3
637,1,1,0,46.3
637,2,2,1,50.6
637,3,3,2,56.1
637,4,4,3,62.1
637,5,5,4,68
638,1,1,0,63.4
638,2,2,1,67.5
638,3,3,2,71.7
638,4,4,3,76.5
638,5,5,4,81.7
639,1,1,0,47.4
640,1,1,0,52.7
640,2,2,1,57.7
640,3,3,2,62.1
640,4,4,3,67.5
640,5,5,4,72.1
640,6,6,5,76.8
641,1,1,0,57.3
641,2,2,1,61.4
641,3,3,2,67.1
641,4,4,3,72.6
642,1,1,0,65.8
642,2,2,1,71.6
642,3,3,2,77.4
642,4,4,3,83
642,5,5,4,87.1
643,1,1,0,54.5
643,2,2,1,59.4
643,3,3,2,63.7
643,4,4,3,67.8
643,5,5,4,72.9
643,6,6,5,77.3
644,1,1,0,60
644,2,2,1,64.1
644,3,3,2,69.3
644,4,4,3,75.3
644,5,5,4,81.1
645,1,1,0,44.5
645,2,2,1,48.7
645,3,3,2,53.7
645,4,4,3,59.6
645,5,5,4,65.2
646,1,1,0,58
647,1,1,0,66.1
647,2,2,1,71.2
647,3,3,2,75.7
647,4,4,3,80
647,5,5,4,84.6
648,1,1,0,54.5
649,1,1,0,45.4
649,2,2,1,49.5
649,3,3,2,54.8
649,4,4,3,59.8
649,5,5,4,65
649,6,6,5,70.2
650,1,1,0,64.7
650,2,2,1,70.1
650,3,3,2,75.4
650,4,4,3,79.9
650,5,5,4,85.7
651,1,1,0,70.5
651,2,2,1,75.9
651,3,3,2,81.1
651,4,4,3,86.4
651,5,5,4,92.3
652,1,1,0,71.5
652,2,2,1,75.8
652,3,3,2,80.3
652,4,4,3,85.9
652,5,5,4,90
652,6,6,5,95.9
653,1,1,0,65.2
653,2,2,1,69.7
653,3,3,2,74.2
653,4,4,3,80
653,5,5,4,85.2
654,1,1,0,40.7
654,2,2,1,45.9
654,3,3,2,50.8
654,4,4,3,56.3
654,5,5,4,62.2
655,1,1,0,51.3
655,2,2,1,56.7
655,3,3,2,61.3
655,4,4,3,65.7
655,5,5,4,71
656,1,1,0,70.2
656,2,2,1,74.6
656,3,3,2,79.5
656,4,4,3,83.8
657,1,1,0,38.5
657,2,2,1,43.9
657,3,3,2,49.4
657,4,4,3,54.4
658,1,1,0,30.5
658,2,2,1,34.5
658,3,3,2,39.6
658,4,4,3,45.6
658,5,5,4,50.6
659,1,1,0,58.5
659,2,2,1,63.9
659,3,3,2,69.1
659,4,4,3,74.7
659,5,5,4,80.7
660,1,1,0,46.2
660,2,2,1,51.9
660,3,3,2,56
660,4,4,3,61.1
661,1,1,0,58.3
661,2,2,1,63.1
661,3,3,2,67.4
661,4,4,3,72.8
661,5,5,4,77.9
662,1,1,0,37
663,1,1,0,47.2
663,2,2,1,52.7
663,3,3,2,57.5
663,4,4,3,62.5
663,5,5,4,67.7
664,1,1,0,56
665,1,1,0,43.4
665,2,2,1,47.7
665,3,3,2,51.8
665,4,4,3,57.3
665,5,5,4,61.6
666,1,1,0,60.3
666,2,2,1,64.9
666,3,3,2,69.2
666,4,4,3,73.9
666,5,5,4,78.1
667,1,1,0,65.9
667,2,2,1,70.6
667,3,3,2,74.7
667,4,4,3,78.9
667,5,5,4,84.1
668,1,1,0,68.2
668,2,2,1,74.2
668,3,3,2,78.3
668,4,4,3,82.7
668,5,5,4,87.9
669,1,1,0,60.7
669,2,2,1,64.9
670,1,1,0,57.9
670,2,2,1,61.9
670,3,3,2,67.2
670,4,4,3,71.6
670,5,5,4,77.4
671,1,1,0,71.4
671,2,2,1,76.7
671,3,3,2,81.5
671,4,4,3,85.7
671,5,5,4,91.1
672,1,1,0,40.6
672,2,2,1,44.7
672,3,3,2,49.4
672,4,4,3,53.8
672,5,5,4,58.5
673,1,1,0,59.9
673,2,2,1,65.5
673,3,3,2,70.4
673,4,4,3,74.9
673,5,5,4,79.2
674,1,1,0,64.1
674,2,2,1,68.2
674,3,3,2,72.7
675,1,1,0,40.5
675,2,2,1,44.9
675,3,3,2,50.8
675,4,4,3,55.6
675,5,5,4,61.1
676,1,1,0,61
676,2,2,1,66.3
676,3,3,2,71.2
676,4,4,3,75.3
676,5,5,4,80.1
676,6,6,5,85.1
677,1,1,0,56.5
677,2,2,1,60.7
677,3,3,2,66.6
677,4,4,3,71
677,5,5,4,75.9
678,1,1,0,54.7
678,2,2,1,60.6
678,3,3,2,65.8
678,4,4,3,70.9
678,5,5,4,76.9
679,1,1,0,65.1
679,2,2,1,69.8
679,3,3,2,75.5
679,4,4,3,79.9
679,5,5,4,84.3
680,1,1,0,51.7
680,2,2,1,56.9
680,3,3,2,61.7
680,4,4,3,66.8
680,5,5,4,72.1
681,1,1,0,46.2
681,2,2,1,50.2
681,3,3,2,54.8
681,4,4,3,58.9
681,5,5,4,63.6
682,1,1,0,36.7
682,2,2,1,42.4
682,3,3,2,47.5
682,4,4,3,53.3
682,5,5,4,58.8
682,6,6,5,63.3
683,1,1,0,55
684,1,1,0,81.6
685,1,1,0,49.5
685,2,2,1,55.1
685,3,3,2,60.9
685,4,4,3,65.4
685,5,5,4,70.1
686,1,1,0,37.2
686,2,2,1,42.2
686,3,3,2,47.4
686,4,4,3,51.8
686,5,5,4,55.9
686,6,6,5,61
687,1,1,0,52.4
687,2,2,1,56.5
687,3,3,2,60.7
687,4,4,3,65.7
687,5,5,4,71.3
688,1,1,0,46.7
688,2,2,1,50.8
688,3,3,2,55.3
688,4,4,3,59.9
688,5,5,4,64.1
689,1,1,0,48.1
689,2,2,1,52.1
689,3,3,2,56.2
689,4,4,3,61.5
689,5,5,4,67.3
690,1,1,0,57.5
690,2,2,1,62.1
690,3,3,2,67.5
690,4,4,3,73.4
690,5,5,4,78.5
691,1,1,0,56.1
691,2,2,1,61.3
691,3,3,2,67.1
691,4,4,3,72.1
691,5,5,4,76.7
692,1,1,0,49.7
693,1,1,0,56.8
693,2,2,1,62.1
693,3,3,2,66.9
693,4,4,3,71.1
693,5,5,4,76.8
694,1,1,0,71.7
694,2,2,1,76.6
694,3,3,2,82.1
694,4,4,3,87.8
694,5,5,4,93.3
694,6,6,5,98.6
695,1,1,0,61.6
695,2,2,1,67.3
695,3,3,2,72.7
695,4,4,3,78.5
695,5,5,4,82.9
696,1,1,0,66.6
696,2,2,1,71.6
697,1,1,0,43.1
697,2,2,1,47.5
697,3,3,2,52.5
697,4,4,3,56.6
697,5,5,4,61.2
698,1,1,0,59.1
698,2,2,1,63.1
698,3,3,2,68.8
698,4,4,3,73.5
698,5,5,4,78.4
699,1,1,0,52.5
699,2,2,1,57.2
699,3,3,2,62.4
699,4,4,3,67.4
699,5,5,4,72.2
699,6,6,5,77.1
700,1,1,0,46.8
700,2,2,1,51.9
700,3,3,2,57
700,4,4,3,62.9
700,5,5,4,68
701,1,1,0,49.6
701,2,2,1,54
701,3,3,2,58.3
701,4,4,3,63.2
701,5,5,4,68.9
701,6,6,5,73.1
702,1,1,0,58.8
702,2,2,1,63.3
702,3,3,2,68.3
702,4,4,3,73.4
702,5,5,4,77.6
703,1,1,0,69.6
703,2,2,1,74.4
703,3,3,2,79.6
703,4,4,3,85.5
703,5,5,4,90.8
704,1,1,0,31.4
704,2,2,1,36.5
704,3,3,2,41.3
704,4,4,3,45.7
704,5,5,4,51.5
705,1,1,0,58.4
705,2,2,1,62.4
705,3,3,2,66.6
705,4,4,3,71.7
705,5,5,4,76.5
706,1,1,0,59.3
707,1,1,0,51.5
707,2,2,1,56.9
707,3,3,2,60.9
708,1,1,0,63.2
708,2,2,1,67.3
708,3,3,2,71.5
708,4,4,3,76.4
708,5,5,4,81.2
708,6,6,5,85.2
709,1,1,0,42
709,2,2,1,47.6
709,3,3,2,52
709,4,4,3,56.2
709,5,5,4,61.8
710,1,1,0,46
710,2,2,1,50.3
710,3,3,2,55
710,4,4,3,59.6
710,5,5,4,64.2
711,1,1,0,65.4
711,2,2,1,70.2
711,3,3,2,75.1
711,4,4,3,80.3
711,5,5,4,84.7
712,1,1,0,57.1
713,1,1,0,77
713,2,2,1,81.3
713,3,3,2,86.6
713,4,4,3,91.7
713,5,5,4,97.4
714,1,1,0,79.9
714,2,2,1,85.8
714,3,3,2,91.5
714,4,4,3,97.1
714,5,5,4,102
715,1,1,0,61.1
715,2,2,1,65.6
715,3,3,2,69.9
715,4,4,3,74.1
715,5,5,4,79.7
716,1,1,0,37.7
716,2,2,1,43.4
716,3,3,2,48.9
716,4,4,3,54.9
716,5,5,4,59.3
717,1,1,0,50.4
718,1,1,0,72.6
718,2,2,1,77.1
718,3,3,2,82.2
718,4,4,3,87.8
718,5,5,4,93
719,1,1,0,59.2
719,2,2,1,64.5
719,3,3,2,69
719,4,4,3,74.8
719,5,5,4,80.2
720,1,1,0,24.1
720,2,2,1,29.2
720,3,3,2,34.1
720,4,4,3,38.8
720,5,5,4,43.1
721,1,1,0,69.6
721,2,2,1,74.5
722,1,1,0,52.1
722,2,2,1,57.8
722,3,3,2,62
722,4,4,3,67.4
722,5,5,4,72.3
722,6,6,5,77.6
723,1,1,0,63.4
723,2,2,1,69
723,3,3,2,74.5
723,4,4,3,78.8
723,5,5,4,84.7
724,1,1,0,55
724,2,2,1,60.9
724,3,3,2,65.8
724,4,4,3,70.1
724,5,5,4,75.2
725,1,1,0,43
725,2,2,1,47
725,3,3,2,51.7
725,4,4,3,57.2
725,5,5,4,62.8
726,1,1,0,53.5
727,1,1,0,35.9
727,2,2,1,41.5
727,3,3,2,46.4
727,4,4,3,51.3
727,5,5,4,56.7
728,1,1,0,62.9
728,2,2,1,67.6
728,3,3,2,73.2
728,4,4,3,78.4
728,5,5,4,82.5
729,1,1,0,59.1
729,2,2,1,64.5
729,3,3,2,69
729,4,4,3,73.1
729,5,5,4,78.1
730,1,1,0,38.1
730,2,2,1,43.2
730,3,3,2,47.9
730,4,4,3,52.9
730,5,5,4,58.5
731,1,1,0,33.9
731,2,2,1,38.3
731,3,3,2,43
731,4,4,3,47.9
731,5,5,4,52.7
732,1,1,0,40.1
732,2,2,1,45.1
732,3,3,2,50.6
732,4,4,3,55
732,5,5,4,59
733,1,1,0,49.2
733,2,2,1,53.2
733,3,3,2,59.2
733,4,4,3,63.7
733,5,5,4,68.9
734,1,1,0,44.8
734,2,2,1,49.9
734,3,3,2,55.9
734,4,4,3,59.9
734,5,5,4,65
735,1,1,0,47.1
735,2,2,1,52.1
735,3,3,2,57.7
735,4,4,3,61.9
735,5,5,4,67.1
736,1,1,0,62.8
736,2,2,1,67.3
736,3,3,2,72.1
736,4,4,3,77.8
736,5,5,4,82.9
737,1,1,0,49.9
737,2,2,1,55.7
737,3,3,2,61.1
737,4,4,3,66.7
737,5,5,4,72.6
738,1,1,0,13.7
738,2,2,1,18.6
738,3,3,2,24
738,4,4,3,29.7
738,5,5,4,34
739,1,1,0,39.7
739,2,2,1,44.8
739,3,3,2,50.5
739,4,4,3,56.4
739,5,5,4,62.1
740,1,1,0,51.9
741,1,1,0,74.5
741,2,2,1,80.2
741,3,3,2,86.1
741,4,4,3,91.7
741,5,5,4,97
742,1,1,0,46.4
743,1,1,0,79.9
743,2,2,1,84.8
743,3,3,2,89.6
743,4,4,3,94.8
743,5,5,4,99
744,1,1,0,35
744,2,2,1,40.3
744,3,3,2,45.3
744,4,4,3,49.8
744,5,5,4,55.2
745,1,1,0,56
745,2,2,1,60.2
745,3,3,2,65.2
745,4,4,3,70.8
745,5,5,4,76
746,1,1,0,74.2
746,2,2,1,78.7
746,3,3,2,84.6
746,4,4,3,89.8
746,5,5,4,94.9
747,1,1,0,36.5
748,1,1,0,52.3
748,2,2,1,57.1
748,3,3,2,62.3
749,1,1,0,55.1
749,2,2,1,60.5
749,3,3,2,65.9
749,4,4,3,70.9
750,1,1,0,41.2
750,2,2,1,46.9
750,3,3,2,51.3
750,4,4,3,56.8
750,5,5,4,62.2
751,1,1,0,51.2
751,2,2,1,56
751,3,3,2,61.9
751,4,4,3,66.3
751,5,5,4,71.4
752,1,1,0,55.8
752,2,2,1,60.9
752,3,3,2,65
752,4,4,3,69.6
752,5,5,4,75
752,6,6,5,80.5
753,1,1,0,42.4
753,2,2,1,47.1
753,3,3,2,52.1
753,4,4,3,56.3
754,1,1,0,64.4
754,2,2,1,70
754,3,3,2,74.9
755,1,1,0,52.7
755,2,2,1,57.9
755,3,3,2,63.6
755,4,4,3,68
755,5,5,4,73.5
755,6,6,5,77.6
756,1,1,0,65.4
756,2,2,1,70.3
756,3,3,2,75.2
756,4,4,3,81
756,5,5,4,86.6
757,1,1,0,57.1
757,2,2,1,61.5
757,3,3,2,67.1
757,4,4,3,72.7
757,5,5,4,78.1
758,1,1,0,40.3
758,2,2,1,45.4
758,3,3,2,50.6
758,4,4,3,55.1
758,5,5,4,60.4
759,1,1,0,68.1
759,2,2,1,73.6
759,3,3,2,78
759,4,4,3,83
759,5,5,4,88.1
760,1,1,0,74.9
760,2,2,1,80
760,3,3,2,85.3
760,4,4,3,90.9
760,5,5,4,96
761,1,1,0,65.5
761,2,2,1,70.9
761,3,3,2,76.3
761,4,4,3,80.8
761,5,5,4,86.4
762,1,1,0,71.8
762,2,2,1,77.6
762,3,3,2,83
762,4,4,3,87.4
762,5,5,4,92
763,1,1,0,53.2
763,2,2,1,58.8
763,3,3,2,64.6
763,4,4,3,70.6
763,5,5,4,76.4
764,1,1,0,66.5
764,2,2,1,71.4
764,3,3,2,77.4
764,4,4,3,83.3
764,5,5,4,89.1
765,1,1,0,42.4
765,2,2,1,46.7
765,3,3,2,51.3
765,4,4,3,56.8
765,5,5,4,62
766,1,1,0,61.7
766,2,2,1,67
766,3,3,2,72
766,4,4,3,77
766,5,5,4,82.2
767,1,1,0,70.6
767,2,2,1,75.9
767,3,3,2,81.6
767,4,4,3,87.3
767,5,5,4,92.5
768,1,1,0,51.9
769,1,1,0,42.5
769,2,2,1,46.9
769,3,3,2,51.7
769,4,4,3,55.9
770,1,1,0,58
770,2,2,1,63.2
770,3,3,2,67.6
770,4,4,3,71.6
770,5,5,4,76.2
771,1,1,0,34.2
771,2,2,1,38.3
771,3,3,2,42.7
771,4,4,3,47.4
771,5,5,4,51.5
772,1,1,0,66.8
772,2,2,1,71.1
772,3,3,2,76.4
772,4,4,3,81.7
773,1,1,0,44.7
774,1,1,0,57.1
774,2,2,1,62.2
774,3,3,2,67.2
774,4,4,3,71.7
774,5,5,4,77.6
775,1,1,0,66.6
775,2,2,1,72.5
775,3,3,2,77.6
775,4,4,3,81.9
775,5,5,4,86.9
776,1,1,0,37.5
776,2,2,1,42.8
776,3,3,2,47.7
776,4,4,3,52.3
776,5,5,4,57.3
777,1,1,0,61.7
777,2,2,1,66.1
777,3,3,2,71.5
777,4,4,3,76.5
777,5,5,4,81.2
778,1,1,0,55.5
778,2,2,1,61
778,3,3,2,66
778,4,4,3,71.8
778,5,5,4,76.1
779,1,1,0,64.7
779,2,2,1,70.4
779,3,3,2,75.5
779,4,4,3,80.2
779,5,5,4,84.3
780,1,1,0,62.6
780,2,2,1,67.5
780,3,3,2,72.3
780,4,4,3,77.6
780,5,5,4,82.1
781,1,1,0,54.2
781,2,2,1,59
781,3,3,2,63.3
781,4,4,3,69
781,5,5,4,73.6
782,1,1,0,54.1
782,2,2,1,59.7
783,1,1,0,63.4
783,2,2,1,67.8
783,3,3,2,73
783,4,4,3,77.4
783,5,5,4,83
783,6,6,5,88.5
784,1,1,0,62
784,2,2,1,67
784,3,3,2,71.9
784,4,4,3,77.7
784,5,5,4,82.5
785,1,1,0,74.5
785,2,2,1,79.1
785,3,3,2,83.2
785,4,4,3,89.2
785,5,5,4,94.9
786,1,1,0,51.3
786,2,2,1,55.9
786,3,3,2,60.9
787,1,1,0,55.5
787,2,2,1,60
787,3,3,2,65.4
787,4,4,3,70.8
787,5,5,4,76.5
788,1,1,0,54.6
788,2,2,1,60.3
788,3,3,2,66.1
788,4,4,3,71.2
788,5,5,4,77.1
788,6,6,5,81.5
789,1,1,0,52.5
789,2,2,1,56.9
789,3,3,2,61.3
789,4,4,3,65.5
789,5,5,4,70.4
790,1,1,0,55.1
790,2,2,1,60.6
790,3,3,2,64.6
790,4,4,3,68.8
791,1,1,0,54.7
791,2,2,1,59
791,3,3,2,64.4
791,4,4,3,69.6
791,5,5,4,73.8
792,1,1,0,51.7
792,2,2,1,57.5
792,3,3,2,63.4
792,4,4,3,68.2
792,5,5,4,73.5
793,1,1,0,36.1
793,2,2,1,41.3
793,3,3,2,46.5
793,4,4,3,50.5
793,5,5,4,54.7
794,1,1,0,56.4
794,2,2,1,60.5
794,3,3,2,64.7
795,1,1,0,42.3
795,2,2,1,47.1
795,3,3,2,52.3
795,4,4,3,57.8
795,5,5,4,62.7
796,1,1,0,53.6
796,2,2,1,58
796,3,3,2,62.6
796,4,4,3,68.1
796,5,5,4,72.8
797,1,1,0,46.4
797,2,2,1,51.1
797,3,3,2,56
797,4,4,3,60.7
797,5,5,4,64.9
798,1,1,0,34.4
798,2,2,1,38.4
798,3,3,2,44.2
798,4,4,3,48.6
798,5,5,4,53.3
799,1,1,0,55.8
799,2,2,1,61.1
799,3,3,2,66
799,4,4,3,70.3
799,5,5,4,75.2
800,1,1,0,72.5
800,2,2,1,77.5
800,3,3,2,81.7
800,4,4,3,86.7
800,5,5,4,91.6
801,1,1,0,69.4
801,2,2,1,74.1
801,3,3,2,78.5
801,4,4,3,83.3
801,5,5,4,88.2
802,1,1,0,28.9
802,2,2,1,33.5
802,3,3,2,38.5
802,4,4,3,44.4
802,5,5,4,48.7
803,1,1,0,71.5
803,2,2,1,76.1
803,3,3,2,80.7
803,4,4,3,86
803,5,5,4,90.8
804,1,1,0,31.8
804,2,2,1,36.7
804,3,3,2,41.8
804,4,4,3,47.7
804,5,5,4,53.1
805,1,1,0,55.3
805,2,2,1,60.2
805,3,3,2,65.6
805,4,4,3,69.9
805,5,5,4,74.1
806,1,1,0,53
806,2,2,1,58.2
806,3,3,2,63
806,4,4,3,67.1
806,5,5,4,72.9
807,1,1,0,39.7
807,2,2,1,45.3
807,3,3,2,50.4
807,4,4,3,55.5
807,5,5,4,59.6
807,6,6,5,64.2
808,1,1,0,54.2
808,2,2,1,58.3
808,3,3,2,63.6
808,4,4,3,68.5
808,5,5,4,73.1
809,1,1,0,49.7
810,1,1,0,44.3
810,2,2,1,49.5
810,3,3,2,54
810,4,4,3,58.5
810,5,5,4,63
811,1,1,0,59.8
811,2,2,1,65
811,3,3,2,70.3
812,1,1,0,61.3
812,2,2,1,66.9
812,3,3,2,70.9
812,4,4,3,75.2
812,5,5,4,80.8
813,1,1,0,55.3
813,2,2,1,59.6
813,3,3,2,63.7
813,4,4,3,68.5
813,5,5,4,73.1
814,1,1,0,51
814,2,2,1,55.6
814,3,3,2,61.5
814,4,4,3,65.6
814,5,5,4,70.3
815,1,1,0,53.9
815,2,2,1,59.9
815,3,3,2,65.2
815,4,4,3,70.9
815,5,5,4,76.3
816,1,1,0,42
816,2,2,1,47
816,3,3,2,51.4
816,4,4,3,57.2
816,5,5,4,62.8
817,1,1,0,65.1
817,2,2,1,70.4
818,1,1,0,49.1
818,2,2,1,53.9
818,3,3,2,58.9
818,4,4,3,63.8
818,5,5,4,68.6
819,1,1,0,48.5
819,2,2,1,52.6
819,3,3,2,58.5
819,4,4,3,63.9
819,5,5,4,69.1
820,1,1,0,57.1
820,2,2,1,62.7
821,1,1,0,39
821,2,2,1,43.2
821,3,3,2,47.6
821,4,4,3,52.2
821,5,5,4,57.9
822,1,1,0,64
822,2,2,1,68.2
822,3,3,2,73.4
823,1,1,0,52.1
823,2,2,1,56.2
823,3,3,2,61.1
823,4,4,3,65.8
823,5,5,4,70
824,1,1,0,53.1
824,2,2,1,58.8
824,3,3,2,62.9
824,4,4,3,67.5
824,5,5,4,71.7
825,1,1,0,58.2
825,2,2,1,63.3
825,3,3,2,68.7
825,4,4,3,73.5
825,5,5,4,78.7
826,1,1,0,59
826,2,2,1,64.5
826,3,3,2,70.2
826,4,4,3,76
826,5,5,4,80.8
827,1,1,0,36.2
827,2,2,1,41.6
827,3,3,2,46.9
827,4,4,3,51
827,5,5,4,56.1
828,1,1,0,58.1
828,2,2,1,63.8
828,3,3,2,69.3
828,4,4,3,74.6
829,1,1,0,31.2
829,2,2,1,35.7
829,3,3,2,41.3
829,4,4,3,45.8
829,5,5,4,50.6
830,1,1,0,64
830,2,2,1,68.5
830,3,3,2,73.8
830,4,4,3,78.1
830,5,5,4,82.8
831,1,1,0,51.2
831,2,2,1,56.1
831,3,3,2,60.6
831,4,4,3,65.6
831,5,5,4,71
832,1,1,0,54.6
832,2,2,1,59.6
832,3,3,2,64.1
832,4,4,3,69.9
832,5,5,4,75.9
833,1,1,0,51.4
834,1,1,0,36.9
834,2,2,1,41
835,1,1,0,48.4
835,2,2,1,52.8
835,3,3,2,57.1
835,4,4,3,63
835,5,5,4,68.6
836,1,1,0,65.4
836,2,2,1,70.4
836,3,3,2,75.5
836,4,4,3,81.3
836,5,5,4,86.4
837,1,1,0,84.8
837,2,2,1,90
837,3,3,2,94.9
837,4,4,3,99.3
837,5,5,4,104.6
838,1,1,0,57.9
838,2,2,1,62.6
839,1,1,0,49.1
839,2,2,1,54.7
839,3,3,2,59.6
839,4,4,3,63.8
839,5,5,4,68.3
840,1,1,0,52.2
840,2,2,1,56.4
840,3,3,2,60.5
840,4,4,3,65.1
840,5,5,4,70.6
841,1,1,0,73.4
841,2,2,1,77.7
841,3,3,2,83.6
841,4,4,3,88.9
841,5,5,4,94.2
841,6,6,5,98.2
842,1,1,0,53.1
842,2,2,1,57.5
842,3,3,2,62.6
842,4,4,3,68.5
842,5,5,4,72.8
843,1,1,0,44.7
843,2,2,1,50.2
843,3,3,2,54.3
843,4,4,3,58.7
843,5,5,4,63.6
844,1,1,0,54.1
844,2,2,1,59.4
844,3,3,2,64.9
844,4,4,3,70.5
844,5,5,4,74.8
845,1,1,0,63.3
845,2,2,1,67.7
845,3,3,2,73.3
845,4,4,3,77.9
845,5,5,4,83.7
846,1,1,0,60.2
846,2,2,1,65.6
846,3,3,2,71.1
846,4,4,3,76.9
846,5,5,4,82
847,1,1,0,70.5
847,2,2,1,74.9
847,3,3,2,80.3
847,4,4,3,84.9
847,5,5,4,89.1
848,1,1,0,55.8
848,2,2,1,60.1
848,3,3,2,64.2
848,4,4,3,70.1
848,5,5,4,75.2
849,1,1,0,58.9
849,2,2,1,63.7
849,3,3,2,68.8
849,4,4,3,74
849,5,5,4,78
850,1,1,0,55
850,2,2,1,60.8
850,3,3,2,66.4
850,4,4,3,72.4
850,5,5,4,78.2
851,1,1,0,35.8
851,2,2,1,39.8
851,3,3,2,45.5
851,4,4,3,50.4
851,5,5,4,56
852,1,1,0,60.3
852,2,2,1,65.6
852,3,3,2,70.6
852,4,4,3,76
852,5,5,4,81.4
853,1,1,0,67.8
853,2,2,1,72.6
853,3,3,2,77.9
853,4,4,3,83.6
853,5,5,4,87.9
854,1,1,0,66.7
854,2,2,1,72.4
854,3,3,2,77.2
854,4,4,3,82.6
854,5,5,4,87.7
855,1,1,0,62.6
855,2,2,1,67
855,3,3,2,72.7
855,4,4,3,76.9
855,5,5,4,81.4
856,1,1,0,63.1
856,2,2,1,67.3
856,3,3,2,73
856,4,4,3,77
857,1,1,0,77.6
857,2,2,1,82.8
857,3,3,2,88.3
857,4,4,3,92.8
857,5,5,4,96.9
858,1,1,0,61.3
858,2,2,1,66.5
858,3,3,2,71.2
858,4,4,3,76.7
858,5,5,4,82.2
858,6,6,5,88
859,1,1,0,46.1
859,2,2,1,51.4
859,3,3,2,55.5
859,4,4,3,61
859,5,5,4,65.2
860,1,1,0,56.4
860,2,2,1,61.3
860,3,3,2,66
860,4,4,3,71.6
860,5,5,4,76
861,1,1,0,61.1
861,2,2,1,66.3
861,3,3,2,71.4
861,4,4,3,76.6
861,5,5,4,81.6
862,1,1,0,55
862,2,2,1,61
862,3,3,2,66.4
862,4,4,3,71.7
862,5,5,4,76.9
863,1,1,0,63.7
863,2,2,1,67.7
863,3,3,2,72.6
863,4,4,3,76.7
864,1,1,0,55.7
864,2,2,1,61.3
864,3,3,2,66.9
865,1,1,0,69
865,2,2,1,74
865,3,3,2,78.6
865,4,4,3,83.6
865,5,5,4,87.8
866,1,1,0,48.3
866,2,2,1,52.7
866,3,3,2,57
866,4,4,3,62.6
866,5,5,4,67.8
867,1,1,0,49.5
867,2,2,1,55.2
867,3,3,2,60
867,4,4,3,64.5
867,5,5,4,68.6
868,1,1,0,63.1
868,2,2,1,68.2
868,3,3,2,73.2
868,4,4,3,78.2
868,5,5,4,83.1
869,1,1,0,76.4
869,2,2,1,81.4
870,1,1,0,57.5
870,2,2,1,63.1
871,1,1,0,64.9
871,2,2,1,70.3
871,3,3,2,75.6
871,4,4,3,81
871,5,5,4,85.6
872,1,1,0,62.9
872,2,2,1,68.3
872,3,3,2,73.7
872,4,4,3,79.1
872,5,5,4,84.2
873,1,1,0,53
873,2,2,1,58.1
873,3,3,2,63.8
873,4,4,3,69
873,5,5,4,74.8
874,1,1,0,48.2
874,2,2,1,53.5
874,3,3,2,58.8
874,4,4,3,64.5
874,5,5,4,69.1
875,1,1,0,61.4
875,2,2,1,67.2
875,3,3,2,71.6
875,4,4,3,76.4
875,5,5,4,81.8
876,1,1,0,48.1
876,2,2,1,52.5
876,3,3,2,58.1
876,4,4,3,63.9
876,5,5,4,68.2
877,1,1,0,44.8
877,2,2,1,49.7
877,3,3,2,54.1
877,4,4,3,58.9
877,5,5,4,64
878,1,1,0,66.3
879,1,1,0,45.8
879,2,2,1,51
879,3,3,2,56.6
879,4,4,3,61.9
880,1,1,0,33.3
880,2,2,1,38.4
880,3,3,2,43.1
880,4,4,3,48
880,5,5,4,52.8
881,1,1,0,56.1
881,2,2,1,61.9
881,3,3,2,67
881,4,4,3,72.8
881,5,5,4,77.2
881,6,6,5,82.5
882,1,1,0,29.2
882,2,2,1,33.6
882,3,3,2,39.3
882,4,4,3,45.2
882,5,5,4,49.6
883,1,1,0,57
883,2,2,1,61.6
883,3,3,2,67.2
883,4,4,3,71.7
883,5,5,4,76
884,1,1,0,64.3
884,2,2,1,69.6
884,3,3,2,75.3
884,4,4,3,79.9
884,5,5,4,85
885,1,1,0,59.2
885,2,2,1,64.7
885,3,3,2,70.1
885,4,4,3,74.3
885,5,5,4,80.3
886,1,1,0,41
886,2,2,1,45.5
886,3,3,2,50.3
886,4,4,3,54.3
886,5,5,4,58.6
887,1,1,0,69.9
887,2,2,1,75.1
888,1,1,0,61.5
888,2,2,1,67.2
888,3,3,2,72.8
888,4,4,3,78.2
888,5,5,4,83.1
889,1,1,0,36.8
889,2,2,1,42.8
889,3,3,2,47.9
889,4,4,3,53.5
889,5,5,4,58.5
890,1,1,0,63.3
890,2,2,1,68.4
890,3,3,2,73.4
890,4,4,3,78.3
890,5,5,4,82.4
891,1,1,0,40.3
891,2,2,1,46
891,3,3,2,51.7
891,4,4,3,56.9
891,5,5,4,61
892,1,1,0,57.5
892,2,2,1,61.7
892,3,3,2,66.9
892,4,4,3,72.3
892,5,5,4,77.9
893,1,1,0,69.2
893,2,2,1,73.4
893,3,3,2,78.4
893,4,4,3,82.5
893,5,5,4,88.1
894,1,1,0,19.1
894,2,2,1,23.9
894,3,3,2,29.4
895,1,1,0,27.1
895,2,2,1,31.2
895,3,3,2,37.2
895,4,4,3,42.9
895,5,5,4,48.3
896,1,1,0,45.3
897,1,1,0,51.7
897,2,2,1,56.5
897,3,3,2,61.1
897,4,4,3,65.4
897,5,5,4,71.1
897,6,6,5,76.6
898,1,1,0,55.7
899,1,1,0,57.6
900,1,1,0,73.2
900,2,2,1,78.7
900,3,3,2,84.1
900,4,4,3,88.2
900,5,5,4,93
901,1,1,0,70.6
901,2,2,1,74.6
901,3,3,2,79.8
901,4,4,3,84.3
901,5,5,4,88.7
902,1,1,0,61.7
902,2,2,1,66.7
902,3,3,2,70.7
902,4,4,3,75.5
902,5,5,4,79.6
903,1,1,0,65.1
903,2,2,1,69.6
903,3,3,2,75.6
903,4,4,3,80.9
903,5,5,4,85.9
904,1,1,0,66.8
904,2,2,1,71.9
904,3,3,2,77.4
904,4,4,3,83
905,1,1,0,49.8
905,2,2,1,55.4
905,3,3,2,61.3
905,4,4,3,66.9
905,5,5,4,71.7
906,1,1,0,78.5
906,2,2,1,83.5
906,3,3,2,89.5
906,4,4,3,93.9
906,5,5,4,98.9
907,1,1,0,59.8
907,2,2,1,64.2
907,3,3,2,69.3
907,4,4,3,73.6
907,5,5,4,77.8
907,6,6,5,82.8
908,1,1,0,77.5
908,2,2,1,82
908,3,3,2,87.4
908,4,4,3,92.9
908,5,5,4,98
909,1,1,0,67.2
909,2,2,1,71.6
909,3,3,2,76.8
909,4,4,3,81.5
909,5,5,4,86
910,1,1,0,51.7
910,2,2,1,57.7
910,3,3,2,62.9
910,4,4,3,68.7
910,5,5,4,74.5
911,1,1,0,45.9
911,2,2,1,50.8
911,3,3,2,55.9
911,4,4,3,61.3
911,5,5,4,67.2
912,1,1,0,59
912,2,2,1,63.5
912,3,3,2,69.1
912,4,4,3,74.7
912,5,5,4,80
913,1,1,0,28.6
913,2,2,1,32.8
913,3,3,2,37.8
913,4,4,3,42.7
913,5,5,4,47.9
914,1,1,0,47.5
914,2,2,1,52
914,3,3,2,57
914,4,4,3,62.4
914,5,5,4,67.6
915,1,1,0,34.1
915,2,2,1,39.8
915,3,3,2,45.6
915,4,4,3,50.3
915,5,5,4,55.7
916,1,1,0,64.6
916,2,2,1,68.6
916,3,3,2,74.2
916,4,4,3,79.6
916,5,5,4,84.1
917,1,1,0,49.4
917,2,2,1,54.3
917,3,3,2,58.8
917,4,4,3,64.8
917,5,5,4,68.9
918,1,1,0,77.6
918,2,2,1,83.5
918,3,3,2,88.2
918,4,4,3,93.3
918,5,5,4,99.3
919,1,1,0,60.5
919,2,2,1,65.9
919,3,3,2,70.6
919,4,4,3,75.3
919,5,5,4,79.7
919,6,6,5,84.9
920,1,1,0,49.7
920,2,2,1,54.9
920,3,3,2,60.3
920,4,4,3,64.6
920,5,5,4,69.1
921,1,1,0,56.5
921,2,2,1,60.7
921,3,3,2,65.8
921,4,4,3,70.6
921,5,5,4,76.2
922,1,1,0,70.6
922,2,2,1,75.5
922,3,3,2,80.9
922,4,4,3,85.9
922,5,5,4,90.6
923,1,1,0,51.1
923,2,2,1,56.7
923,3,3,2,61.3
923,4,4,3,66.3
923,5,5,4,71.5
924,1,1,0,77
924,2,2,1,82.7
924,3,3,2,87.6
924,4,4,3,93.5
924,5,5,4,98.4
925,1,1,0,58
925,2,2,1,62.5
925,3,3,2,68.2
925,4,4,3,73.3
925,5,5,4,78.2
926,1,1,0,46.6
926,2,2,1,50.9
926,3,3,2,56.4
926,4,4,3,61.2
926,5,5,4,66.4
926,6,6,5,71.5
927,1,1,0,65.7
927,2,2,1,70.7
927,3,3,2,75.6
927,4,4,3,80.8
927,5,5,4,85.5
928,1,1,0,57.5
928,2,2,1,63.2
928,3,3,2,68.6
928,4,4,3,72.7
928,5,5,4,78.4
929,1,1,0,72.8
929,2,2,1,77.5
929,3,3,2,83.2
929,4,4,3,88
929,5,5,4,93.6
929,6,6,5,97.9
930,1,1,0,55.6
930,2,2,1,59.7
930,3,3,2,65
930,4,4,3,69.4
931,1,1,0,48.2
932,1,1,0,37.5
932,2,2,1,43.5
932,3,3,2,47.8
932,4,4,3,53
932,5,5,4,58.9
933,1,1,0,61.6
933,2,2,1,65.6
933,3,3,2,69.8
933,4,4,3,75.3
933,5,5,4,80.8
934,1,1,0,34.8
934,2,2,1,38.8
934,3,3,2,44
934,4,4,3,49.6
934,5,5,4,55
935,1,1,0,60.9
935,2,2,1,66.7
936,1,1,0,41.2
936,2,2,1,46.3
936,3,3,2,50.8
936,4,4,3,55.5
936,5,5,4,59.8
937,1,1,0,71
937,2,2,1,75.8
937,3,3,2,80.6
937,4,4,3,86.5
937,5,5,4,90.8
938,1,1,0,52.4
938,2,2,1,57.6
938,3,3,2,63
938,4,4,3,68.8
938,5,5,4,74.3
939,1,1,0,47.9
939,2,2,1,52.6
939,3,3,2,57.1
939,4,4,3,62
939,5,5,4,66.9
940,1,1,0,12.3
940,2,2,1,16.9
940,3,3,2,22.8
940,4,4,3,28.5
940,5,5,4,34.4
941,1,1,0,40.4
941,2,2,1,44.9
942,1,1,0,43.8
942,2,2,1,48.3
942,3,3,2,54.2
943,1,1,0,65.9
943,2,2,1,71.7
943,3,3,2,76.3
943,4,4,3,81.7
943,5,5,4,86.3
944,1,1,0,60.6
944,2,2,1,65.4
944,3,3,2,70.9
944,4,4,3,75.8
944,5,5,4,80.2
945,1,1,0,31.6
945,2,2,1,35.8
945,3,3,2,40.5
945,4,4,3,44.8
945,5,5,4,50.6
946,1,1,0,69
946,2,2,1,74.9
946,3,3,2,80.3
946,4,4,3,85
946,5,5,4,90.9
947,1,1,0,63
948,1,1,0,49.4
948,2,2,1,54.7
948,3,3,2,58.9
948,4,4,3,64.9
948,5,5,4,70.3
949,1,1,0,61.2
949,2,2,1,66.7
949,3,3,2,71.7
949,4,4,3,77.2
949,5,5,4,82.2
950,1,1,0,42.3
950,2,2,1,48.3
950,3,3,2,53.1
950,4,4,3,57.8
950,5,5,4,62.9
950,6,6,5,68.4
951,1,1,0,59.4
952,1,1,0,62.4
952,2,2,1,67
952,3,3,2,71.9
952,4,4,3,77.3
952,5,5,4,83.2
953,1,1,0,50.4
953,2,2,1,54.9
953,3,3,2,59.3
953,4,4,3,64.5
953,5,5,4,70.5
954,1,1,0,56.2
954,2,2,1,60.8
955,1,1,0,33.7
955,2,2,1,38.9
955,3,3,2,43.8
955,4,4,3,49.1
956,1,1,0,63.3
956,2,2,1,68.5
957,1,1,0,57.1
957,2,2,1,61.2
957,3,3,2,66.3
957,4,4,3,72.1
957,5,5,4,76.6
958,1,1,0,61.4
958,2,2,1,66.3
958,3,3,2,70.8
958,4,4,3,76.3
958,5,5,4,80.7
959,1,1,0,57.9
959,2,2,1,63.3
959,3,3,2,68.5
959,4,4,3,73.7
959,5,5,4,79
960,1,1,0,48.7
960,2,2,1,54.3
960,3,3,2,58.7
960,4,4,3,63.3
960,5,5,4,67.4
961,1,1,0,72.2
961,2,2,1,77.3
961,3,3,2,83
961,4,4,3,88.2
961,5,5,4,93.9
962,1,1,0,40
962,2,2,1,45.3
962,3,3,2,50.8
962,4,4,3,55.6
962,5,5,4,59.8
963,1,1,0,58.6
963,2,2,1,63.8
963,3,3,2,68.6
963,4,4,3,73.5
963,5,5,4,79.4
964,1,1,0,38.1
964,2,2,1,43
964,3,3,2,48.8
964,4,4,3,53.9
964,5,5,4,57.9
965,1,1,0,64
965,2,2,1,69.8
965,3,3,2,74
965,4,4,3,79.5
965,5,5,4,84.3
966,1,1,0,67.9
966,2,2,1,73.3
966,3,3,2,79.2
966,4,4,3,83.6
966,5,5,4,89.1
967,1,1,0,48.3
967,2,2,1,52.6
967,3,3,2,58.2
967,4,4,3,63.2
967,5,5,4,68.9
967,6,6,5,73
968,1,1,0,38
968,2,2,1,43.4
968,3,3,2,47.5
968,4,4,3,53.2
968,5,5,4,58.4
969,1,1,0,43.1
969,2,2,1,48
969,3,3,2,52
969,4,4,3,57.4
969,5,5,4,63.2
970,1,1,0,63.7
970,2,2,1,69.4
970,3,3,2,73.6
970,4,4,3,79.4
970,5,5,4,84.2
970,6,6,5,89.1
971,1,1,0,66.5
971,2,2,1,71.2
971,3,3,2,76.1
971,4,4,3,80.9
971,5,5,4,85.5
972,1,1,0,50.4
972,2,2,1,56.4
972,3,3,2,61.2
972,4,4,3,66.7
972,5,5,4,70.9
973,1,1,0,56.9
973,2,2,1,62.6
973,3,3,2,67.4
973,4,4,3,73.3
973,5,5,4,78.6
974,1,1,0,49.5
975,1,1,0,63.5
975,2,2,1,67.8
975,3,3,2,73.2
975,4,4,3,78.4
975,5,5,4,82.8
976,1,1,0,28.7
976,2,2,1,33.9
976,3,3,2,37.9
976,4,4,3,43.5
976,5,5,4,47.7
977,1,1,0,67.8
977,2,2,1,72.2
977,3,3,2,78
977,4,4,3,83.8
977,5,5,4,88.4
978,1,1,0,45.1
978,2,2,1,49.3
978,3,3,2,55.2
978,4,4,3,60.8
978,5,5,4,66.2
979,1,1,0,44.6
979,2,2,1,50.5
979,3,3,2,56.1
979,4,4,3,61.3
979,5,5,4,66.9
980,1,1,0,69.1
980,2,2,1,73.6
980,3,3,2,78.3
980,4,4,3,83.1
980,5,5,4,88.4
981,1,1,0,33.4
981,2,2,1,39.2
981,3,3,2,43.6
981,4,4,3,48.2
981,5,5,4,53.4
982,1,1,0,60
982,2,2,1,64
982,3,3,2,68.9
982,4,4,3,73.4
982,5,5,4,78.3
983,1,1,0,59.1
983,2,2,1,65.1
983,3,3,2,69.3
983,4,4,3,73.5
983,5,5,4,79.1
984,1,1,0,66.5
984,2,2,1,72
984,3,3,2,77
984,4,4,3,82
984,5,5,4,86.8
985,1,1,0,43.3
985,2,2,1,47.8
985,3,3,2,53.7
985,4,4,3,59.6
985,5,5,4,65.1
986,1,1,0,53.6
986,2,2,1,58.7
987,1,1,0,72
987,2,2,1,77.2
987,3,3,2,81.2
987,4,4,3,86.1
987,5,5,4,91.4
988,1,1,0,59.7
988,2,2,1,63.7
988,3,3,2,68.7
988,4,4,3,73.4
988,5,5,4,77.9
989,1,1,0,36.3
989,2,2,1,42
989,3,3,2,46.5
989,4,4,3,51.2
989,5,5,4,57.2
989,6,6,5,61.7
990,1,1,0,30.3
990,2,2,1,35.9
990,3,3,2,40
990,4,4,3,46
990,5,5,4,51.7
991,1,1,0,52.8
991,2,2,1,58.4
991,3,3,2,62.7
991,4,4,3,68.2
991,5,5,4,73
992,1,1,0,73.5
992,2,2,1,77.9
992,3,3,2,83
992,4,4,3,87.5
992,5,5,4,92.5
993,1,1,0,53.8
994,1,1,0,30.7
994,2,2,1,36.6
994,3,3,2,41.2
994,4,4,3,46.3
994,5,5,4,51.2
995,1,1,0,63.4
995,2,2,1,68.5
995,3,3,2,73.1
995,4,4,3,77.7
995,5,5,4,81.8
996,1,1,0,51.3
996,2,2,1,56.8
996,3,3,2,61.5
996,4,4,3,66.7
996,5,5,4,71.4
997,1,1,0,50.5
997,2,2,1,55.1
997,3,3,2,60.4
997,4,4,3,66.4
997,5,5,4,72.3
998,1,1,0,71.5
998,2,2,1,76
998,3,3,2,80.9
998,4,4,3,85.6
998,5,5,4,90.6
999,1,1,0,66.3
999,2,2,1,70.9
999,3,3,2,75
999,4,4,3,81
999,5,5,4,85.7
1000,1,1,0,56.6
1000,2,2,1,62.6
